Product_id,Selling_Price
SCHE4YSTDVPVZVXW,3271.874227
ACCEGCATKHNRXUHW,1914.026055
NKCE6GJ5XVJDXNNZ,11930.98071
NKCEB8BK3ZXDHDHM,9304.09266
TOPEFDXSAHRNPF94,5596.059821
ACCE558KZHEPZYMG,9459.566272
ACCEAZCVAMFHDPY7,5141.315765
NKCDYNY37JPBGBVM,2681.995814
NKCEY8KWY33FCUYD,7410.816709
RNGE4YPTQYRECV9J,4508.85388
NKCE88AHBHJZREXH,3903.654951
CLTEJ5ZZGBP4JGGE,8097.27379
WATE3NWH5FZWAMDA,8259.31941
CAGE53FSFZVFPFHQ,1753.372092
PCSEAKVBFFPGCHNZ,3705.876861
WATDFFH3KJYBTYGG,7477.830228
NKCDWHFQSCHHYZMP,2773.263935
RNGEB2PG3Q5RKDW6,3451.163241
NKCE5UY9HHPZGGUZ,4420.665091
KTAEHETW3ZCMFMJR,4103.753323
BRAEBBYRVF9MHJHU,7862.124016
NKCEAX7HAQ2RJA3Q,10395.62782
CRTECN2RQZWBSP9W,5121.147396
WATDEWZ9UHSEHGZG,9492.300422
PTPEYW8HNV6G9YYR,2849.983823
ACCEAMGZRRYVAHDC,5092.609954
SRTEHHXG8MUXTGPA,6135.711204
SKIE4S4NN4MHYM3Z,4994.635878
HMBE7G34YHWPWKYN,7328.286853
LLIEGTMFJBD7ZZZM,13819.86561
ACCEJGH6JVTM4CBH,873.0035748
ACCDQDYBXJ9HZF37,10093.23003
RNGE88FRGZCXNKUG,291.9674404
NKCE7M3QNNPZDXHQ,10434.45858
VLBEGFFDP9H6WG2T,3530.324096
TOPEAFG4YEQSH5TT,2495.087263
WATEYAP3K2QQQWDH,5353.967276
PCSEBDFUFJWGARNX,10823.71972
SWTEGXQFZY95SKG7,4862.111352
BRAEGJFXSM9ZQ6SK,7145.410344
CAGE6FYKP34GA4GF,7714.392067
HMBEJCMH78VJF3M8,4307.819787
HIFEB7J3GSTVN5XJ,10640.31071
PBXE6ZHNGZREWWHR,4313.487004
PCSEAKVBNXFGZBKB,6784.256875
BRAEBBMQQNZ9RZWR,5867.909005
ACCEGKFCXHZZH44S,759.3911862
SHODXQRRGKZ74U9M,4277.527626
DREE2Y6DVEKVVQQS,4500.541855
PBXE8ZHHG5Y525BT,6844.758246
CTTEH9FXZHGFKUA3,8031.700807
ACCDXFZXGQTBTM6N,3787.594261
NKCE9PFF3TT4KSQJ,7583.06684
BRAE6NZAZK77HXZK,908.1564293
NKCE4TV42BHDP63U,3415.429553
AIREDGGD9RJPZGYW,5645.779141
PCSEDAPMHR2HNHWP,8342.790265
PACE95FMAFXHZB5C,4520.771704
WATDG4KP445AV5XC,13306.2405
ACCE9EYRRNZYZUBG,453.7049675
ACCE8XZMAHNC8JVS,649.7967743
SHOED5DCSTQKZCGF,3779.387899
NKCE64Z4NGBHNAY7,3532.730892
PBXE8WQTZ5GA2YYQ,808.571554
MUGEGZUMGYAPVSZH,4456.31314
PBXE4RB3Y3GXWPFV,721.5173651
PCSE2ZFDJJGFNHC7,712.7973471
CRTECN2QT5HKHZ8F,4852.417976
MUGEACY8Q7ZYSTN8,1572.293517
ACCEGG9VGRMQGHRD,7236.204715
PCSE76X48PVSDDVK,1042.702283
PBXE6677X2D6UFZZ,5802.353531
WCKEGGGD2TXHHTJC,310.4742198
NKCE7MMGF4PPGNA6,2884.657501
CRTECN2QYTPHK5YQ,4949.621061
OIDEJFCWMMR6JQBE,5630.479478
WATE5HFY4MJX6CHD,5360.831927
DREE4FC4TAR8M5GN,1339.685634
HACEGPF9DZVUZBFY,8317.856364
PBXE4Q7YF5KUYJYW,11540.19683
SHIED9YEH65NSA8N,10275.5007
WATDHMQJ68MVBRFV,13824.74246
HMBEGWTFEV4TF2RH,3171.735517
SHIE2FH7YTVDHFGT,3018.350124
CRTECN2QYRY2KWZF,4133.001723
TSHEDJXPN4HNT2UP,6071.833838
SHOECZH5WGBZHZES,2642.606738
NKCEDCT9MSAYG6H5,5450.19681
SOCEGGVYBTZPKXVP,4576.911268
PBXECARAQBCDSAZW,3428.155659
CAGDU85YDHP9ZJH7,2280.401607
TCVEHSMFEGNCAGYN,5019.97079
RNGEDAPFZ2GKRUER,867.6634737
CAGDY9Q7HSNDHGFC,3369.920495
NKCECKHYZVHBQU9F,507.3665606
NKCDQSVCRH8W73GF,6603.581783
WATD9H76RKGUUZHY,13883.68623
NKCE5HYVDQVATMKF,2023.582766
RNGE9GWMKVHGEYZG,4244.377152
SHOEAGUMMWFABHUT,3245.080437
SWDEGZMPYQGNEBHG,5506.058949
TOPEFDXSHZPHCUAU,9330.516973
CAGDU85Y85GDJGUD,1020.465559
CAGE4BQXK3FSTRRS,3291.908118
CAGDZVGTV3SMMMBY,5144.741501
BEOEGXRVQPCKJHYC,3358.933045
NKCE9YFBBYBM88DR,3142.824091
DREECZGZVWGQM23M,4366.790437
PBXECYF3YHWYG4UN,374.8694818
WATEBG8FGBPUPKCV,5150.199156
SHIEEJG9RRDUH9XG,3235.445816
CRTECN2QXAPEWXSF,2689.817902
BRAEE6YMSYPNCUX3,1391.255438
WATE9MVXJXHZHEJU,3342.159472
RNGDREYRQQGZAPQM,5650.323036
CTPEGGFSNDQFAAVE,3431.424108
NKCEF2RFAPHSHZZZ,4008.882306
TOPDYAZZG5NU7ZBZ,7114.950662
PBXE7QPWMSS5XGPZ,178.0376978
PCSECV3FHFAQ9T36,11899.76027
CRNEJB4NBT9BTM84,5173.850517
TSHEHU5RFJCTJKBV,7024.032339
DREECZJC3XBKGDZT,5501.008353
SUDEGGATGYXA9YBC,12232.74667
BRAE8WYHTVZMFFHS,5752.595634
SFFEGZBXTYFSYJQA,4185.849482
ACCEABVYXNHCT8UE,5497.125404
BWLE6SJE9PXGV6DD,971.1428033
NKCDYQ3RHYREHHYV,3845.178403
NKCECDCRWDMZEH2Z,2954.373968
SRTEH2F6HUZMQ6SJ,7250.492554
BRAE6KWFGZFXKPPB,3280.035101
HACEJQY5FQRZZUGM,8424.612832
CAGEYUXVF2FNARKD,3193.750299
NKCE7M3QTHTCGVVF,4084.687181
TOPE8PBFNH9YNHFK,5117.492235
BRAEDQFRZS9QFYTQ,1361.692205
HMBEJCMMQR2JHFVP,1967.167576
ACCDRFVG52PHVRSK,7543.194805
NKCE7MBR4QRBASDQ,3161.044865
NKCDWBPZNZU5K2QZ,3350.133501
BRAE8HMQATXFHFGZ,3521.138528
MUGEAGGKEGCPWWPN,3447.780283
BKPEGXYWWJPETZZA,5224.059318
SGLEGBV6ZNUJNJS9,6062.09937
CAGEYUXVAKNKDUUV,6443.247586
NKCEDH9ANZGDAUWG,3004.682868
NKCE5EHJHS38BUWB,3466.238493
PBXE9YWGRFUQXHQH,12702.26189
SHIE3QDHP5RDGMZY,2711.138713
RNGE9HDVMPVBYPGJ,3285.673874
SCHE4YSTCUUSJWCK,2127.990707
SNDEGGTV9XERMGHH,7069.650672
PBXE92XFUMB7QWY6,8509.6812
CRTECN2QYK2R2PUS,4109.391639
TOPEEEPVYHHF9HGW,3338.728317
MUGE8F5RDEYMH4YH,3867.652706
NKCE52CSJ2GUY64G,1342.306025
SHOE2K68QHZ3DWZF,3879.871309
DREE9YJHZZHWHAU7,4054.488112
NKCEACYSHS4MGKGY,13139.52282
CAGECT64KH6CZVMR,14631.39263
WATD9H76RG5FQT5Y,14820.51817
NKCE5UY97ACC9QAZ,618.7240174
LJGEG6UPBW8GKPRD,4404.636483
PBXEBFGFRM5797BZ,4528.177704
RNGEAY8GRWYMYSAK,5109.618644
SHOEF9G8WTWGAAFB,3637.522758
PBXE5ZJZSAC73ZED,8744.318388
NKCEYYX9HJWJXAA8,3508.877143
CAGDTFSHTF6TRBFZ,4422.705067
PBXE6E6YDZDNVKQH,808.9165451
TROEGNQDQNGN99PJ,4413.579324
CRTECN2QXC68CTUM,6447.725497
CRTECN2QZNXTGGXG,5465.476948
VANE4VND2XHZRCNT,947.5497759
NKCE8SESMHF2VSRM,3803.095661
SHOEBYY4ZDWGQGEW,7694.13178
NKCEB7935AJSADGR,3879.634524
SHIEBAXYS3FUTX8Z,6418.480898
NKCE2YCPKAPWDH8C,2939.05938
FABE92NVHZHSFHGT,3348.386609
SHIE93YGTRAV6XTW,5771.088205
CSOEGTPR39XZHZJY,4965.08761
WATE5HFYHPFHRCHY,5025.061139
BRAEBHCHY6VVRNRQ,1840.116372
NKCE5QPMUZRQFDAZ,1864.724979
NKCE9ABEE5HDWZSM,6026.373732
SHOEJCZ28JFRY9RR,5676.790947
PSLEAVTQQXEXZYYZ,4774.313767
SHOE66V8UMNGZKYM,951.5882181
SHIE5HBGWKWJWFRA,3841.975564
TOPE4HXDZHPR9K2C,1729.248571
BRAEBCTWGWYRWXHC,5530.688673
TOPE6ZCJBVZY3HBH,4985.021233
CRNEG7BKMFFYHQ8Z,4853.100806
SHOE7DJBEPYGQPHF,3815.896481
ACCEHY86UG6B63AZ,4803.86185
BLBEJR23J2CTPFAU,6210.09144
ACCEEV5V5VD5DR9C,750.8945298
UMBEJZFHE285UEV2,6000.464312
SHOEBN3FFYG75P3D,3048.630206
NKCEFGFURYNWH2DR,3859.656622
ETHEJG7NW4M4AFCZ,6922.287533
SWSE9UH4KXCHZHRJ,3520.942132
CRTECN2QZ7XUGBR6,4139.224184
BRAEDNX2NHZX5PKN,9748.969539
BRAE73KFJGNSP2NP,1919.358109
MAHEDFPZVKF79JVQ,4000.91405
NKCECRQY6MGHBPQ3,8802.600691
CRTECN2QYYWUXHRP,3055.280076
CPCEKY4TKBYFE7PH,5695.548357
TOPEA8HNSZB8VGUR,2393.260304
TOPECJZ4ZDXQZB4A,5327.749515
SHIE92XGJHG4HH5E,6235.621592
CRTECN2QVSZXUG7X,4933.890013
BRAEBBYRUSRHZD34,7467.93314
IFPEE76BG92E5SVS,5861.308064
CAGEBZ7UGCZZHVTE,245.4671549
CAGE3GFTPMNXPZAG,816.5694719
SWTEDX3KRCTNHUGY,5913.9582
BBAEFKXVXVM8SYZW,7018.549575
PENEGZ6RHFWHX7JX,1411.327121
ETHEGFZFQT7ZCH3U,3018.758995
TOPEE2FFAXQGSUZH,5245.025217
CRTECN2QWAGCHYGC,3858.585281
SNDEJGWQSWNHXXA3,12000.19071
BHGEGTAVKNNCPUGG,13320.60811
BBAEGNUNHHZEYSPD,517.9456103
NKCEANMPZYMHYEA3,444.1853311
RNGE88Q9FH632SHU,1142.372926
SNDE7PY9TG8P7YYR,828.2468381
SNDEHZQ7YZAHAZYP,4756.502078
CRTECN2RDAKXQHYH,3617.082234
SNDEAVZ4MSGYFBUD,1614.560279
RTRDWBPC23ZAYMSE,10486.83771
PCSDYQEW5ZMFBVFQ,11151.21615
DREECZJBH8KGCZHT,8505.505077
CAGED654SQMMADH7,2039.004724
MFLEYGFH8PFBVRDG,5100.367844
SHIEBWNUURZ8BWDZ,4144.67551
BRAECTFYXKNAVFAN,5840.725065
BRAECBVGHCB2FN49,4817.68894
SHOEHX7CGSEMUENU,2623.122967
CRTEB774NHSDW3DV,2346.978233
VLBEGZ7SZFZBUGBZ,5933.487518
BRAEGJFXGYFPGHYG,4732.62976
ACCEGKG4S4B7QGGT,1963.827997
BBAECKHYXGE3VJXB,1701.426667
BBAEDVYSEN75YZZ7,6662.604489
RTRDYZCGGJFBU6XM,3214.486774
CAGEBTJBB5X8GCF8,859.7697988
HLUEJQ3UVGNXSPZG,7736.570557
NKCE8RB5WSWKJPFR,3888.354141
BRAEDFYYKNGBGPF3,6615.441029
SHIE2CAJP6XBWPU2,3797.863507
SHOE2GUJW6XNFG3W,584.3545554
TWCEJFXHGDSG5XZV,6777.440833
NKCE9Z2JYUYZ2JZ3,10443.00491
WATE54YZWYXR6Z7J,2566.924115
SWTEEYFFFRWGKZR5,5698.673013
NKCE6NHRGQJHWFDK,4979.566811
NKCEYM3B6ZP3YSQQ,3622.322319
PAEE8AHWJWMDAXZU,7704.317152
RTRDZK8XCUEKZDFZ,602.0871145
TOPEHZMHJHEMRDHY,2863.575286
NKCE9AZMPE3PJPEW,794.2711458
BRAEAR7WUYD3CZAT,2566.526936
BRAEG7AYZAQBS3EH,6306.196268
BRAEDQEEYYH4WRQK,4754.751012
BRAE4F8NCQJFTGEZ,5656.12324
MUGEACY87HUCUYCD,3820.816272
BOTEDSEN9ZSFUUAQ,775.3403809
WATE3GEYE8JQT7WM,5775.869094
TOPEB96CYHMPMDKH,2616.524623
NKCE5QGT7GFDSUZK,1902.165867
VESEGZRVWZEYTVMG,6978.692335
SCHE4YSTHJSYEJHJ,2959.444986
KLSEGT5ZUGR9FQXE,6507.970964
NKCE79CGHYMSS7GH,3254.114256
JEAE8CZGJ8PGGHRQ,886.2627661
SHOEC8QGWFF2VXAN,2980.481947
SHIE6G75RNDQSGUQ,2045.318371
SHODZ5YHTEHZTR3V,4101.794112
ACCEKFVVZJMTYWPK,3785.836005
DRPEHGFFGQTXK3E3,2924.607125
CRGE4XJBHZGHJYGU,7066.934331
NKCE9Q93F3HJYGZT,340.9256489
SNDEGJFV5J8CTGJV,8329.132842
SUDEHYGUMT6UGYAR,3427.6287
RNGE7M92HQECSUYG,6608.504096
TOPE7ZHYDE2MKNHF,4133.687799
NKCEBHGBEABMWDKA,5386.442366
PACE7ZNHBP4FASAQ,2669.02914
NKCE7A3XXTTBHHC6,3929.503862
WCKE2TFYTHBHTP5B,5188.945332
BRAEDTPDZSCRZCYG,5620.636211
SHOEBKEYSKS87GKG,3659.418558
CAGDUGFYGG2KWWK7,10518.53042
SHODZDAE6FKCC8AH,583.4906001
SGLEGBV5STVHGKTD,5702.58094
RTREBVK9HX8XJH2T,380.3107002
PCSEAKVBGC7CJQZT,10343.25597
MATEB88T7MVJGSG5,5630.408221
WATDJYPXKHPPNGQK,7606.129213
BRAE8QNFFGWGG5MY,1885.728414
NKCDWBPZZSYWKHE9,1998.790782
USGEJPQHT8YPZ7D8,3103.053835
NKCEFKBYHXQ8VVF8,470.7298793
SHOE4JCEZDRSHC4S,3167.081887
ACCE9E2RT56M3GSU,4458.866025
CRTECN2QXQGJ7JZD,3676.002361
TOPEBS26V3JRYSF3,773.3999601
NKCECZNMRRVZ9YWF,226.643083
CAGE75QCGVXYV78T,2853.275767
WATDG9F74GYWEH4U,1832.488058
BRAE3WVQPYSZ54FF,6947.28051
SWSEBHCP9JC4GQKT,4519.29527
MUGEBJ7XAFVH25VD,2245.558668
LJGEATZRDCFAJGYZ,5746.855388
BRAEBXRB8GFZ6HM6,4381.844301
RNGEDAPFZWSSMHYW,1116.339231
DREEHFABXP5AUZA8,5290.018619
RTRDFFYGJ4GNRSHQ,9693.676406
CBREFYM9TSSUHJSQ,2864.333157
PBXE6EF4PSJX9WXH,3634.913905
CRTEHSS9UZJZYMZD,470.777168
DRPEHYHG9YYHD2HH,4474.237089
CAGE9AGR4VWWTDY4,7682.091627
AVCEJCJQWBYMNPGU,2149.735348
BRAE7T3WADAJU4ZS,1961.626304
TPYEGGUFSKXJFYY5,7251.984061
SUDEHYGU4GE9UCXJ,5603.394104
FABEB2TXH4MGQC2H,4977.49259
NKCE9G2BZAGKXPGY,4444.439141
TOPE8H5DJWGAY2CD,9680.900044
BBAEGGF3HF3ZPBVG,1708.800844
ACCEC87TREZYJJPE,6716.432078
DRPEHYHMEZHDYRK5,3951.542571
NKCE5VAAPVP5DGMZ,560.4803215
NKCEBZN92EJ7PDFH,3340.580785
ACCDXFPYT58AGGAF,7190.599822
MUGEGZUHX744RFEN,5778.295354
RNGE8Z3KSHGCMSCP,3068.12831
SHIEYZ3F3QWMYNEC,3132.68682
SHOEJCZ2JNGJSPEJ,8273.692124
CRTEB774RSGGQZ9U,3431.7224
BRAE8AJZW5QBNWAZ,2345.659637
CRTECN2QZ8CWZEFZ,5710.725572
SHIE9FMZAH4U4H6Z,444.5292932
CAGE68FFYRMDRF3X,8813.186357
NKCE3GNVPGUYY8AZ,3294.768073
PCSE4ZQ8TRUZDMEU,1165.270847
PACEC89YGNYZCMC4,771.7736963
NKCE9YX24KHRDNHG,2967.490606
FABE88MGUBPCQWR8,2416.072262
ACCEH74HAGTY6W8P,889.2461824
NKCECGVARVRMARSS,6420.382289
CRTECN2QZXFVEPGG,4462.10582
NKCEC8AZQUFGUXGH,2198.435258
SHOED6C5ZGCBKTP2,2623.891917
RTRD7HN3BBE7G9YT,3624.084982
ACCEA8JPDNTF7NZN,1732.057102
NKCEBHGBAFBCXXYC,1003.446652
PCSEC86VGEWVKHWZ,13748.33971
SHOE3URGYEVZ55GD,2966.919144
NKCE9PFFQHU7GTU7,9415.177682
CRTECN2RCH9CG4SA,6082.694665
TSHEHU5RWUGEAJFE,5289.921895
PBXE92G5YEA7JAHZ,5047.528195
ACCE8XUCYRB9ATHZ,4204.920112
CRTECN2QWEDYMDNQ,722.5025681
PTPEYCF7GZU2T54E,2331.036296
SHOEC9FZ3BAF7ASF,4157.168135
CAGE7DSFQGVEGHC8,6071.496136
SHODUMFYWTPDYNX6,5198.03254
ACCE6P3BBZD72UJ6,1179.630853
NKCEFG3CHGEHMRTD,3086.341875
RNGEDAKBYYVCFWZP,7582.508732
TROEGZ65YHBQKG9T,5824.133588
BRAEDSKCXVNYXGA6,1626.565784
NKCE9ZVGMHZVTF2D,4613.245946
WATDUKHHH4SQXDAK,5186.266944
CAGE745BJ67RZCRR,2453.206278
PCSEAKVBNSFWGBGE,1246.787643
TSHEHV9TPRUBUENE,4526.7155
SHOEY8RMVZV3UY3A,3890.223542
TOPEGWUTW6GWYSBE,2196.682045
ACCDQDYBYVQZNHCH,8758.600809
MUGEBFGF6MDQGHBG,4141.129366
CAGE6HHHUHFQSAPW,493.5306566
RNGE7GVYAP66GRDD,4232.034254
PBXE5SUCYEBBSFXJ,10473.22119
BRAEBBMQZBZHCFAJ,4405.977219
BRAEAC839PBQV9KF,1210.235593
BRAEAW9HT2EUZD3X,2078.253105
SHIE2QTSMSXF9QAH,3723.350683
RTRD6FYYWFHEYJYE,5306.863139
CAGEFPY9ZSFFNVAW,9868.132062
ACCEGKTSGJEEVTZ4,935.7773899
AIREDJCGZN2HKZHJ,3221.392913
BRAEA5MZ8VZHNGGH,7682.607431
CRTECN2QX53WHTKZ,2740.748674
JWSEBCY4HDWGJZBT,1453.17058
BRAEB2ZTVYY3UKWA,1761.510706
WATDZMBRPYAYTP4G,7372.624175
TOPE7WAUFEYYDXKG,10407.40041
TSHE4DTF53HPYMU4,4180.905919
BLAEE3YXZGWWT8UD,6367.529841
RNGE7M925YCWZZRR,6766.77326
BKPEGXWHXG4GZWET,1066.661582
RTRE8GJUFNETVUMZ,5209.184723
SWTECXPHFVTHWJF7,10819.45748
SHIECKYBNNY2BNZD,4316.710718
WATE7GP3JZMFEGZG,11046.81151
CAGE68FFHZRTSZS5,4184.469703
ACCEGYP2TMX2NUPH,5685.236684
NKCE9YFBBNJ82UVB,4182.004789
HMBDRUCNJSJQRRGC,6517.864394
CAGE3GFTQ3UHZ4TC,838.6278603
NKCDTAXF2EYZ7MP8,3015.653094
LJGEYSUNTPQZG4ZG,938.4213932
TOPEGF4KEGGVMSXX,5372.045255
TSHECQKNFFER2ERM,3754.790911
PBXE9YWGTS7NGYKT,2123.514106
WATDZ5HGXEYDHBWD,13048.87755
PRCDVFAFM2FPJBMZ,1716.982912
PTPE2F33QGYXMHGW,4036.566233
KRTEJCZ4M7FD3NJS,2712.203405
NKCEAPCYFBP4UJ3V,3118.557029
CAGEBTJBRFGAUQQB,5167.357524
MUGEAGGKZFYBUMP9,2507.26653
ACCEAZCVGGGWZGKU,834.8035356
CRTECN2QVV7UJQNH,4945.247902
NKCDXEGWS7VWXSEJ,2737.294701
NKCDY44FMPNQHFFN,1384.443343
NKCE8JXS2AAKUGGD,3726.403029
RNGE88FRWWZECGGM,7096.038174
BRAE7GU9K3E2PWGC,405.3761016
VASEHU9W3N9RDPGZ,7727.392461
PCSEC86VSX45XVZS,12445.17142
NKCE49ATF8BFHDVP,1529.315691
KTAEHETVCXXZRXGK,10593.97727
KTAEHE9HAED4VUQB,5497.901719
PACE472CMNPGQY2W,2705.555984
NKCEAPCYFTHYVARD,569.5388236
SHODPH4GZWVXE5RB,1004.428173
BRAEB3KBY393GUHA,10463.22323
BRAEB2S8RZZRXMT3,2303.587582
PCSEAH5WWRYGEVGZ,7581.713866
NKCEAVZ3C9CRDB6Z,363.3542696
RTRDZTF9URF2UFPF,9376.969496
CAGE6HYJDNZJVADS,4610.91519
SWSEBHCPZGHMBKJY,3835.546193
ACCDQGVSDZ92ZWGW,2967.325159
NKCE4CSZUZWHUTFS,443.6704025
ACCEGKFHRFGN6XZB,860.4162608
BRAECGQ4GW73HJFV,945.6484689
CRTECN2QXZ9ETCGB,3717.207499
MUGE6A5HZUJ924WH,2435.012331
BRAEE6YMK83RB9MZ,854.6920629
TMLED6G5MJQGNZHS,4579.902805
NKCEFGFUZURHNH6R,2981.03533
NKCE7ZPRQX9SBZXN,2441.565238
VANE3KUFUXF2CVHU,5375.498402
NKCED6EYN4ZPK9AA,8134.712983
RNGEDF5HDGKZGA3T,1230.967425
ACCEAZCVVFPBJAGB,1162.078966
PBXEDCSE8CHTATYY,4513.400716
TOPEFYB6HRPPCD8R,7002.727792
RTRDTSBQW94HJ8VT,187.7017131
NKCEYGTGJ65HSJ9Y,2269.132411
NKCEFFFPGEJSTBJP,464.2556356
NKCDYASFYGXZESTM,3223.449414
NKCE6SR4H3EHXWNA,3790.069786
AUDCY8T7KPEG3ZZF,6007.00555
NKCDWBPZCHZEYT7S,3706.459518
NKCDYARBFFBQYKFH,3848.759196
TOPEBZYTWUYMJXSG,5255.287247
DRPEG3ZH7GJFFZDM,6509.008057
SNDE6KNAQN3GFRQG,7465.044261
WFCEHYZMGJQWVVZU,5576.817198
ACCEGZ6BRBTGQWZY,4016.6108
CRTECN2QXH4N9WZS,2703.298783
PTPDZYCEDURXTYRF,2034.519842
ARPEEMC95HMYAJNH,5521.761606
SFFEGKYYDWTZTEQC,4236.654429
PCSEC86VCFQYV6QG,6371.546268
BCHEHYMBZQ8ABUUY,1702.853435
RNGE87FCQJ9GRKWZ,4959.786753
NKCE5ZHWX6Z8PBFH,2063.784318
BRFEJYHNGYSX9T9D,3336.421311
TOPE7ZHYQFFHPCBX,4770.593433
CAGED6YFBH8NZQM8,712.5268811
STREDF58JH3GQZF9,2716.145213
BRAEA5MZDQKHUQCT,3304.137138
MUGEBFGF6ZUHKH4C,628.155655
CRTECYY4GFDJFKBD,4590.153476
WATDZRZGZAM7HDGV,6919.009897
CRTEHSSCVTZ3DB72,1095.902374
NKCDXZGUZKNYVXG9,11693.26022
TOPEBN6MZNGGZEMY,10917.88563
MUGEACY8VQRMM4FX,2379.208193
NKCE5UY9HQTQ8TBG,7636.816301
SCHE4ZYTVE8DY5PP,3516.230515
RNGE9GWPJH9MMNWX,5846.638698
CAGE8FG3CYVFG2GM,2711.539894
SHIEHXZMQPC4GT6F,901.2381643
ACBEHDU9Z9DGZP9Z,5351.119959
BRAE6KWFPZWJ2FHH,1998.912215
TSHE8CAWEGE3CUPM,3723.132514
SHIE9J6PFGP9DZAH,4097.01822
CAGEYFZWNCKDDXXQ,1265.755739
JCKEEABZDWF9VU7N,6937.63862
SOPEJ7SCRS3SKFGP,4051.813422
WATE9MVXHMTCFZSP,698.6799532
CRTECN2QXMXFUYRD,1387.532882
RNGE96Y49HCWGUGH,928.0241856
BRAE9RDQYNWZBYJF,1997.084
RTRECFHX3TDFD9SP,8246.995586
BRAE59YTMB36ZVFG,8192.818572
ACCEGZ6B9MYUTYST,6432.900538
SHIEF8DUHZJP8MVC,791.8031993
LJGEG52SCZ5WZBKZ,4508.23094
SHTECN9HDECRYPF8,6813.872269
CSKEH3JPF4EJVBSF,6961.654294
BRAEBBYRYT9WDJRQ,980.5360433
SFFEGGJYFJWAV4HV,3623.154522
CBKEHGUY3GEHDSFY,5467.544337
NKCE73V3DADAVHDU,3950.914225
TOPEGF6QDCGCHHXY,932.4318133
RNGE3YSWFWYYHNCA,5711.171428
NKCE8HSQJQBPRSGY,6342.757779
CAGDU9C3QVCBMQKQ,3525.410352
BRAEDQDFMNC6MQZW,1183.644995
SHOECB92BGNGSZGZ,672.0067273
DREEAVBXKQUUVJUT,4373.084866
WCKE2TFYZGPGDGGV,4323.761102
CAGE9AGRUGPHV5FM,6835.289975
BRAEBB6TT8GKVG8A,2204.57296
CRTECN2QUCSMF4SX,2937.064873
BCHEHYUKDZZPZBH2,2285.31523
BRAE8JUHJB794RZY,7506.12338
BRAE4DJMZCWYGDJU,4985.213263
GLSEJGVBRQMYV7NE,6747.469621
NKCE9Q93HRESPRBU,5847.556029
NKCECATQF8ZXGXJS,566.4764577
ETHEJG7NHGRFGHHK,11366.00848
NKCEASCZBAEB2Y63,2695.071756
ACCDSY8ERUYRYSUA,1372.019617
BRAEDH76V3J4FBWQ,6756.566938
HACEGPF9FJFJQU2R,781.1536255
ACCEGBTPV5PPBHVD,6002.989491
PCSEAH5WCDGS8YCZ,2721.646177
RTRDRUZCPNJ3MTAT,560.7443237
PBXE68H4WBX5AFCH,3232.35046
RNGEHFDYHVSR3SMH,3023.731573
DREEDR97ZHGNPWFR,5555.324576
NKCE9ZGXGSETFAZU,2789.268123
SWDEGU4MDSDGGJHN,1124.672333
PCSE3X2TJCZGDYYZ,16659.4439
MUGEACY86QBJGTZA,4188.266172
CRTECN2QXC7HYKPG,8546.789969
NKCDTAXFXWPKGZAN,524.8291346
USGE9ZHVSVH9FVHP,1062.782402
TROEHQYAHGHUEXXZ,6227.297338
NKCED8SK6UNMAZST,6583.523362
TUNE8XCD5NGNPDYJ,1248.192091
KRTE7X8NADSVDEET,7605.320962
FABE789N7XA5E9GY,3753.078669
IRNEGYYU2ZVJQQ5T,4487.462211
ACCEH5Z2YUKYQBFP,4287.221768
FABEADKAG5XYGZHK,2921.526065
BRAEDSGAUHAZHBY5,6178.30697
CSKEH3JPCEGTMZFP,3870.497947
SUDEGVG6YTPMYPU4,1943.310199
NKCE48ZU6EAYFSCM,2202.50851
SNDEDFE6QPNQRAXF,9472.280501
SFFEGP24CR5VDNZC,7241.923394
TOPEGGE5GRFUTGGB,8759.607256
EMLEGMZRZGDARGR8,4041.414434
CRTECN2QVPG3DY7K,2880.307576
MUGE8VY8HZAM3ZRK,710.1511634
SNDEGAJFFK2KKKRF,4337.963553
BRAEDASWQDSYNUV3,7629.585388
PCSDY5AHM2SEJM4K,5649.737189
NKCECG6ZNH9NXFFH,4211.80688
WATECE855W5YFE3H,3113.605381
SHODWMHHCXTD47NQ,5432.907664
CRTECN2QYCZPHYHH,2935.119643
GOGEHZ5P6TWYBFXB,2576.925703
TCVEHSMY2TNTCKNC,7940.066908
SFFEH2FGABYNF47W,5145.199955
MUGEAGGKZFD7ME7F,1718.098272
TOPE7QTUGVGEFKH6,3671.483875
TSHE4S26ZSFE9JTB,3200.684547
MUGEGZUJBNU4Y2CH,577.8327299
WATDUNJ7PGYUWDGQ,8404.593445
NKCEAJKYW5CDKBEV,9460.887556
PACDZUDMCHKDHGXA,3254.160132
BRAE8TFHGXKFFMAQ,1747.451887
NKCE87C3JAXKXZRJ,2998.193838
NKCECQYZ24MSM3ZZ,3653.884151
SNDECZJR6APCXEZ4,11456.47963
TOPED9T3FXS8CP8M,5637.87171
ECIEF7MGVGZAZMGG,5026.619016
SHIE7DFNYZC6YWTT,245.7530423
SUDEJFBRVYEUZUDH,3114.569935
MNKEYGQMJHGZ4ZRX,1786.683474
BRAE8MVUMSMBMNJS,3398.420339
NKCEBBYSAJKEEQ8K,2908.18405
SNDE9WZJJ8YXWU5Q,8722.75415
CRTECN2QSXEHJHR5,4033.523867
BRAE9TBZWWACJHJ8,2852.833046
SHIE9FMP3RBSYMEV,6549.974522
DREE4DF4DQYMGDJV,5171.692029
NKCECZKQGZXVZ2RY,10193.19861
DRPEHYHKYSXETBBJ,3809.532263
LJGE9UG8WCYXPCHA,4549.451385
GLSEHFUGQRHPBV8D,774.8966651
TOPE954FERN5VZYH,4919.062585
TOPE7JZU5WZZVYDT,8440.822534
JWSECGFU8YKHTSMU,3804.517186
RTREF3PRF3M9FMEF,3614.971388
PTPEAT32HSGZFHVY,3269.181703
TSHEHU5RQSZZHSKF,6013.940559
NKCE2RPCN6RCTGDG,6304.759087
ACCE45UGGC7GVAVG,6460.012466
WATEBFPXFYMWJGJZ,8663.167099
DRPEFZDBMRGECGZG,5259.814675
TOPE2HZRFKVVTCKU,4345.784242
CRTECN2QYKFNFXCZ,2014.449015
PCSEC86VEVSKD5ZY,1831.687433
SGLE8YSWHJAGP3WJ,9649.616286
RNGE88Q9HE9RQYEM,9517.667373
CRTEA7HAFUMPQNHJ,4632.185545
TUNEB42QBZHYP57B,2410.451749
MTYEGUA2VUJ9UDGX,10634.9875
PAEE8NDKHJ7ERAPT,7092.781535
SCFEHDJKTM826ZRA,4424.691519
RTRDFFYGKJAXPUUG,590.8103288
BRAEDQDFGYCZUFEJ,1586.756387
WATDK2G2WM5XHF9S,6264.725379
BRAE3P8YWVZGNYZH,5459.706065
BRAEBKJSNVGDG4DP,2875.436173
MUGE7DUFGUZDQMTQ,1990.176889
BRAE7Y46JXZJHN47,6735.720111
CRTECN2QVB7UDF2P,2606.869926
CAGE76FNT9D99PZK,2845.776039
MUGEAGGKHFAM4YZG,423.1794054
DREECRS4EHXNA9UH,4091.169266
NKCDU4RZC2AFABJV,3089.704079
SNDECYHFHV7XHZNN,8006.310051
DRPEHYHGSSEPB6HW,4816.966787
MUGEGZUHVZ4Y85DV,3709.636309
BRAEBBMQYHRSZ5JC,2520.124965
NKCEAPCXCP8GZG5Y,2476.781773
RNGDWKZN9DSHFHYY,3474.313805
PACEB7GGJXVVDZFZ,1920.218258
BRAEDQDFSDVTSSWK,2286.549595
NKCDWBPZAJH88YAZ,3220.496956
NKCEB774SNZGVYW3,608.6572038
RNGE88FRA9DMA4UZ,3915.42615
BDSEJJ6USEQZS3QA,1282.226403
MUGE9HRRKMGKHMRT,790.4872621
NKCEAX7HH7BFTFHF,3956.81246
NKCDUYA5PQWDKMBZ,2526.566164
WATEFWP4V5ZEHZZY,3350.896787
BRAE8QNFXPTNHXKB,6866.800572
NKCDWBPZGZJNYCCS,3660.201404
BRAEDZ7TZNFQTXZA,1998.248911
CSPEGNS9GZVAGRY7,4881.37467
NKCE6XU6DA4HYYGN,3678.520028
CRTECN2QYMHJKQ3G,27.13328626
LJGEATZSESZPRQX3,3365.325225
CAGEBTGHSVHHWPG6,8108.969136
SOCEJZT8FMXJ8VHZ,5055.914623
FLUEGKG2K93HY9TC,3880.246183
SUDEHYGVDNRHYPTW,5626.649113
NKCECZKQCFGWJ36A,2379.415614
TOPEHZNQGZJYYJHE,1133.047991
NKCECGVBWQWGZUVG,1740.881701
BRAEDUXKVAPEV9G6,7338.913488
RTRDYYTZSUUNFFUT,561.8939074
BRAE3WVQZZUJA4JW,5402.296825
PELEGHQP8GMXYF6V,3310.446934
NKCE9YFCEG5FXMAH,3776.928078
TOPDZGV8GUEXZNUT,4973.791345
WATDZ5HGRGZG4AFT,9368.929701
MUGEACY8DDWFGRUA,2168.556167
RTRE7FT9VKRGNTRR,8473.534059
RNGE7M9279JQH6M2,6565.333387
RNGE86J7VJNYBSHZ,3455.964126
TOPEHZSMJYWRYH8F,573.1463023
BLAEE3YX3WETHSZD,6322.526814
ACCEAZCVEKWMNSEY,1445.11331
SHIEB7A6NCNJNZJD,4003.225112
WATE2FAHHP3FEYG6,9396.181146
TOPE9PSGHRKUCXKM,6044.330535
MUGEAGGKKDAXEA36,3678.996701
TOPDX9TF4PYJMX7B,3174.294251
SHIE9J6PVG9ZE9M5,3875.658996
TOPDZFGCFH8AMJ4B,4791.70436
RNGEA9ZXDDFHAVMZ,745.1243402
PLLEHQV78ZFHTE7X,2851.489807
BRAEDTGQMXYVF7NB,1071.208386
CRTECN2QVSZP8JDW,498.1596225
KRTE5PEEG7YAGENZ,11280.89376
NKCECGVBKYNJGZZQ,4036.738965
RNGEDAK2KK6VXQQ5,7275.930744
RTREF3PGZGTGBHT7,6186.537738
MUGEYYXFNGQ6A3FP,3818.399532
SLOEBHYNHETSRBXN,5966.996838
ARPEGDHSXZJSHGSN,3318.687258
NKCECPHGBUZPN2KU,5764.227421
VSBEGBH9QBHT2MQF,1057.101225
BRAEB2ZTXQQTYTEP,2110.036146
PANEENEMG9NPM2QQ,772.3960335
SNDEHZQ7MMN272VX,3895.515288
NKCED2ZGYAP3UKJY,6258.003587
PCSEC86VKYNCPSDK,1974.956994
PBXEBYHYS3UXVBE5,4601.181732
NKCE8ZJ2PXWJQZZX,2949.328073
AIREGHYGSZKZYZBB,4187.380208
HMBEE965MNXMUSFY,6695.399509
HAREGG26JVZYCC8B,1960.779316
JEAE2KFRBNFZFWE6,3267.151086
DIAEJUCFFWRXYACA,5364.349577
PCSE76X4U7MFDPUZ,10949.82445
MUGEGZUHAVWFHSER,5042.453925
TCVEHSMFHCPGH9QJ,747.9235268
NKCEFNPJ5M9JZJR7,2305.858628
PTGEGUP5KM48MRRW,575.0245056
KRTECAVZHVTGR2YV,6951.901818
JWSE9KZTWGWKVYYH,6487.300531
PCSE95HXQE744G8Z,5346.5985
DREEGZ4CUZH5CATV,4324.313278
BRAEDQF7KGNJ2EEW,8929.223112
PTPE4P39G9SVGHRZ,527.3758877
NKCE4PZ6HYWFZUAN,416.3533096
SNDEDFYPJFHXG98W,2809.448469
TSHEHU5RWCQXRWF9,4697.664872
CRTECN2QYVBX5Y4W,1007.753555
NKCE8HVPEPWAU2HF,2819.728281
PTGEGUZVM4X9XZWG,9881.891302
BRAEDH76Q44DNY23,8444.356095
INKEF7WMPUEH9G4V,3772.552239
CRTECN2QS5JJAFVP,5599.44791
SHOE2FQCE3QFC8ZM,3776.591866
TOPEEEPV4GFFSHJG,6118.18071
PACE43HF8JWNA2GY,3315.098348
PBXEAHTCHTG62WSA,3219.318614
PADEHZFJGQNSEVKC,4086.781425
BRAEDQFRZAAEWCDT,2914.364852
BRAEDSKCJJUEVC6B,1705.794635
WATE8PBFZKV5BYDZ,11733.40758
SNDEHYMXZTFRYZQV,6336.9588
NKCDXYFHPJ4UNFPU,3920.274167
RTRECTV9PSVC8Z9Y,1660.932417
BRAEDXPFA43N8HW9,7131.589866
PCSE4C9YYYYXGNFH,8130.558227
MUGEACY82SGHCHYY,5111.536514
CAGE7UCEDBWHWF48,3138.566169
ACCEDTNRADHZ35UD,1028.681797
SHOECKEYFVTA6E8S,6540.699568
CRTECN2QTK6FRYHR,2901.114826
NKCE7MMG7YSJCBZG,441.0177196
PTPEDDXTMZKMNXHX,4246.256837
ANKEGPVMFV9BJBJM,6048.728259
BRAE8WPSGGK9DQHX,4058.658366
KHREH26Z6GEDTYYH,1115.020205
NKCE9YX4TREBP4UZ,531.1964007
SHIEHYHMWMYPDFSU,4353.343255
BRAE7KQVYF75XZRE,5394.173311
TSHEHU5RHTSZSCAY,6436.009456
PAEE8EZHZFKKYMVK,6111.263599
NKCE7PZPCSNSCHWT,4058.700062
CAGEBFPEVT4JFGPC,3144.997346
NKCEBBYSAMV3GRMV,3073.562767
PAEEAMGFHMZW72XN,5887.523885
DRPEHYHNCZXNYFZH,1622.102277
NKCEFAG9U4ZHRHKU,3779.624591
BRAE5F3KGW3JVKJH,1705.069956
JWSEBUKYNF45Q8DG,4922.835738
BBAEGJFRDFNK9FCH,5836.091277
SHIEBY82HGZCTH5D,3760.638641
JUMEHUFGYXJYP29C,9587.045818
MUGEAGGKY7DVDTYA,3865.663494
SHOEBGHJZB2UKFC4,4094.705848
CRTECN2QYUDAZJ8T,2613.058414
WATDEWZ9UMDYPWYC,2170.491499
TROEGZ8QS74W4XR8,10853.62331
BRAEGJFX4ZCMZHH6,1207.724383
NKCECJPCUYJZZQTR,470.3510296
BLAEE6KTUAEBTDKS,9139.72227
MUGEACY8TXGZFHKY,445.0953357
BRAE8EHTNDJHDDAD,1647.481103
NKCEBFWTTMZH9MAR,5211.305035
FSEEHXHFG6KCYVVU,6964.389356
WATE3YHHFFCUGZFB,4183.06663
BRAEAM6PF9YRAWWQ,7176.57725
DTHEHTAZPGKDZXWH,4173.010332
BRAE7V2UXPZMDHQ7,7288.99156
CNBEJ9EDXWN8HQUU,4223.981216
TOPECYENWHHDGFCH,3765.515608
BOLEHUEBRTVCGWMK,3765.511386
TOPE8H5DGZH8GTDC,8094.909475
PAEE8G6NHEZMBWGH,7992.080355
LJGEG57E8US6WQWE,3010.040112
NKCEAVVRVBGADAHE,8744.593722
SHIEFZ2GJGAHATFG,2280.334609
NKCDZJB8WUWBH49M,3869.290808
HAREG4928QYXAP3E,7462.422231
PBXEBQGM4J4AWAWF,5481.077375
JGTECTXNVGH5GYM5,5199.942133
SHIECPXYNJ8UHGFN,7173.712817
NKCDWBPZ42YGY39Q,853.6208962
WATD9H76N5WQYVGJ,9029.25592
ACCEBWRHKPQCGJNF,4614.143954
NKCEB2S9MFVUCSQU,2178.193471
CRTECN2QVHHZ5THC,3470.894682
NKCDUEHCBEY7YZV8,1737.51089
SHOED5DCYU8HWRDH,3120.100394
ACCDQDYBKTC6G9GH,8734.166569
WATECVGYJXPGREKD,594.9837642
NKCE7TZG9AG6F3YB,4264.150182
PBXED6C4RKBW8SRE,478.313694
CRTECN2QXHMJ87BG,2452.345304
SNDEGFJHB7XH9YPW,738.4041833
NKCEAVZ3ECSBFANG,4222.04463
BRAEB9ZNSUGGSFQV,4661.247177
WATE9CFHPAEU3G4B,5096.233618
NKCDYQ3RWGURBTAV,927.8024244
BRAECRHEHYDVDRTG,2280.362766
NKCED8HZ3VQRHGGF,476.5689752
BKPEGUJHQSJUZBVF,467.9656466
BRAECHF3WZHZBQX2,2219.947202
BRAECQGS8RZDBQXM,1912.346453
BRAEDNX2TYZYQQZ2,3812.851696
NKCEDAN8ZMVMTDMB,5347.29501
TUNEBE8ADAYHZ4PG,8446.913098
BRAEDN37XKYGFKGR,8106.50275
CRTECN2QYUBADBHF,3721.70807
SGLEGBV6USTHRNDH,4029.241404
NKCEAPCWZTGKKMGW,3207.367037
NKCDSRPAFNQEXDZG,770.4106375
ACCEGNVADAYPFTER,4067.572562
SHOECP78YDYPYPSE,3638.176585
NKCECKHZPB2JMPGF,11535.66424
CAGE79CEHJZX52XS,3281.199582
SHOEH4FSHEDEMVTM,3448.758089
NKCE5UY9JMZP9NGF,6446.315418
RNGEDAKAZXTGZNAM,5776.76223
BRAE5PKZBZGYZEMH,7823.004937
WATD9H76GH2CHZ48,1704.471776
ELWEG4DCHBUNHUAD,5750.624411
BRAEBBMQJ9ARUWCH,1764.104066
MUGEACY8FADKRHPW,1854.601629
SHIE53GCQDQEK7SF,6037.872842
TKPEG2Z2CWU9AHXG,664.710994
TOPEGGA6H622PCDF,2128.210821
RNGEFP2XDHURBWYP,1076.386937
WATE5HFYAAFVDZMJ,8368.203549
HLUEJQ3TART8YBKJ,10064.24191
BDDEH93ZEEZY7CHM,814.6827586
SHOECXPMAQXZ3QPH,3929.71186
BRAE8X2ZZMYUZGGU,1591.952706
CRTECN2RCWZTMS2F,2574.917862
PHFEGJGHPSYKMHES,2023.47487
NKCEDHHPRYYZURBG,7399.972601
DSEEHETVWRX9FZDT,873.9991813
TOPE7H6NJKNYWBGN,2723.796844
BRAEAM5DR9NS5XPE,4083.000437
BBOEGP4HM4C5WXVC,1291.014088
TOPE7ZHZJY9AJM7H,6449.593522
BRFEHWGA3B6YEWNG,2358.215291
MUGEAGGKRHSXEGCV,3640.543644
NKCE6TNZZKEGKPGA,4214.787437
ACCEGH6RPWY9DHAB,6030.944602
SHIEBJH8XQ2TEASA,1988.725677
GLSEHFJZGQDR9Y6Q,5794.972312
ACCDQDYBDNZRPMSW,1187.765155
CRTECN2QVH5KUGW4,3892.056904
CRTEB774JMYWBRMV,4306.156008
BRAEAW9HUAWTZGSH,3614.269897
BRAEGJFXJGTRFEYE,1295.661488
SHIECRX5GAVFAKJ7,2849.183407
PCSEC86VU9PMZYMP,8314.756828
WATE8C5ZUTSGNEMF,3105.805864
NKCE2W3WYQZ7TCRA,711.9530015
BRAE7DRSNFESBUYT,5527.507891
PBXEBSMZKB3GTTS8,8143.702785
CAGE9ABAYFMUUH45,365.6526742
DREE8MF7NWZUYSBV,9551.380911
BRAE3WVQHJWKQZHZ,1890.913543
SHTEB5MNYHJJQGBJ,3882.259981
PAEE7A8QGN6WSYAG,12269.72806
MUGEACY8QAHZFFXV,2180.636464
AVCEJCHZ2GVMBVP2,736.2434561
CAGEBTGG3AZRBFHE,2839.646665
TSHEGGCKYG5GGGMU,3282.074169
MUGEAGGKKZBHTBHW,2997.499971
PBXE7NYSPF4FKVY6,3266.654618
ARPEEMCAMGADRCGQ,4153.307533
ACCEF3Z2XMEEJVWE,7527.00086
SHOEFMRZZAXFQW4F,5469.119675
TWTEHH2B5EZ4PK6U,5148.712222
WATDXFGTMYAAZYW8,3344.291325
SHIE9J6PPZ44RZDK,4626.415044
NKCED6EXHFFHUFEW,12768.98494
PBXE78PHEKYZRPSC,10023.42661
CAYEJFYZ6B73NUMH,285.7649576
BRAE8RSAHXUVA9FQ,1704.046109
NKCE9W4ZNQGHCENM,1063.742147
SHTEDWHGGHUZZTMZ,1063.674187
NKCE7ZPRDS6PZTAA,2309.686606
SWTEDVZZ92PX48ZY,5110.901534
PCSEC86VZVTTBKJE,8121.462134
TKPDS6ZEWH4KF3SJ,7454.733339
NKCE2B57DXAZBYER,2395.828048
MUGE6A5HP6TG9YCQ,2186.858304
BRAEB2S8SVFDT9HA,3296.909123
FABE88MH9NNKPM4H,3542.993464
WBTDMEZTUWBPD5DM,4159.262636
VANE8KP4GWZPNKQZ,5616.868221
PCSE9R7E3AFG7F9H,1274.752611
ACCE8XZMBCKRGRVS,1627.046359
BAAEGHPNYQ5JMZNZ,7786.228815
NKCEASCZT3V6YGJV,2757.567716
TOPEYJZ7PUP4YRP3,2869.208139
PCSE4VAVUPCMZZ7A,4195.11372
BRAE5F3KHHPXDMUR,2720.453449
CRTEJU6FJTEHSVTR,5188.11381
PTPDVPFYEKTVFEZ8,2772.733757
JEAEHYZRRZDZZNWT,5787.804437
JWSDYFUFNYBSDY6B,907.5183978
CCVEFX3XNKFEF843,7472.149531
PACE66XREPHDU3NH,4456.370738
SUDEGGB3E5K4UNYW,681.0483348
NKCEB3ZCW2HXUSFX,1595.279885
PCSEBFEH9XA3B2DF,3109.914122
BRAEBCY3JXSJFNZH,2253.09724
CLTEHE9GGXJKCWCV,4916.952009
CAGE5QJG2PSHZA28,332.4713022
BRAEFR6JZXBQ9NJK,8047.656178
BRAEBCY3V4ZR8UUU,6375.991277
DREE3KKW8HYZJHZY,3722.43786
FABE92NVVHWSKHAX,4464.015564
CBKEJ3AZYYJTEHK6,5517.271059
SHIEA6YUZCDGZUCG,3842.388562
SHIE9J6PYBXBYHRZ,2231.052358
FABEADKA9VBM9DTM,4426.489693
BRAEB2S8TG98KYGJ,10100.01835
CRTECN2QX4FC2UAC,2685.161457
NKCEAQPGSPXZDCSA,5667.327671
NKCE5TFVHZDZTAYH,3313.976808
BRAECCDUHY5DYWFW,2716.002986
NKCEFFFP9THXHT7P,2104.634457
DREEAVB2QKSZN4HH,3958.225966
SNDEGSZD4WHWUEPU,7059.975198
NKCEA5FHH53NDT9H,4280.263856
NKCDU4RZYTKBTQPC,2973.317073
MUGEBFGFT2CSSGVM,1282.446066
PCSE2ZFDQHP9ENMD,8283.891124
SHOE3TZMQHKWG7TT,5057.44643
SOCEGHFY7ZZ9G48G,3937.757434
SHOEJUQGNBAHYR3E,6711.931158
PCSDY5AFFHEADFCS,7669.403761
BRAEGJFXJR4GPU2C,1044.729932
NKCE5UZHWVVB7FCU,3457.394899
BRAEBBYRHPZNNP6Z,1188.327586
PCSE98DZU6XXGY3C,6643.517503
NKCE4PZ6UJQG9QQE,1440.199205
PASEA46QFBTUGATC,1949.675661
CRTECN2QZAQWXEKU,3362.634236
CRTECN2QUHEXQ5BG,4888.388659
CAGE9ENYESDHRAZG,5085.627233
SLIEHUFGN6EAJZZV,1630.234781
BRAE7KQVPZXEUTHY,8602.832854
BRAE9RDPFQQHHNNE,8082.274793
SHIE853ADDAHYSFQ,1877.118338
PCSE9HAGHNGNRHZD,13429.48037
WATE7VE24DXUPMAG,8987.456224
PBXE4WZJC3ZN8NFC,10802.89673
CAGE6GQCC6YG7FTD,7272.834081
PCSE6SJGNDGTHPGR,1147.786472
TSHEGCZTUAZAYE7G,3170.590171
PCSE9YCZXDYVMBYZ,4012.981854
DREEDR97RXXXSZXX,2490.537567
BRAE8UZGGRVBCEHM,8685.30667
PBXE5YG7JZP48WAF,6355.979933
TOPE4NB7QJFGX4PV,5582.625927
NKCE6SR49QBZZHMP,10772.46367
ACCE8XZMFNFCDPXE,6693.807088
NKCE45SJXTBHBFPX,5245.020104
CRTECN2QVVZWDMVZ,2662.93346
MUGECEVFM93JBPEW,3701.020164
PCSECV3F9MXQZH3V,279.7939286
NKCE2RPCH7YGSPX9,5676.966995
SHOECVMMYCMGFZZP,3236.973669
SHTEDFFJMHZWSYT2,4505.764884
NKCEAZ6FBHSGCGAN,4205.923039
NKCEGZZGGGDCERGH,7280.192159
NKCDU4RZZAMFHSQY,3891.255374
CAGED6YFXAHXJSDH,1459.940566
WCTEHU6FYRC6WWCG,3998.97157
WATDZ5HGFJCH2FGY,7906.855386
IDMEHY86YP4NFZUG,3402.348295
NKCEFERXYKGHFACG,4942.058562
PBXEDDEFFMKZM3HG,617.1677679
VLBEJKMQ9QZS8ZXH,236.1418872
DREEG9JRZUZM5CBH,5649.348431
NKCE6GJ5JHFKSM6T,5618.463179
SHOEG5XHVBSU5BRW,4531.019916
BOTEEWFAGTNGUQ5A,5090.425122
ACCEGUY9XYXUMRDA,6872.586197
CRTECN2QUBFBECYZ,7111.736001
CRTECN2QSWDGMGZZ,4059.868547
SHOECSWQCEZRR82X,817.2367201
WATDZ5HGGUGHEZMH,7698.351021
NKCED8EGPHGKRPBH,5672.902763
CWDEGNNW8YCD2VHQ,5551.24681
PBXE89GKDPBANA86,787.814088
ACCEA7PVQP8H27UH,1266.481909
JCKEEB5YX5Q8HYBM,2349.635424
CAGE8PKGVCNS7JCH,5885.199324
NDNEBA9VUFJGTDEE,699.9997841
BLUEJQRHM9VA48GF,6064.644534
PCSE6SJGCFMBG5PU,7186.557717
SHOEJP2GGGP2GGPB,1302.092507
CAGE8TQ8A7TPFYZN,2043.869637
TSHECHFVV3F5FHK2,3364.840809
TOPE3NVYHZNAEPHA,599.2011234
BDGEGEGCZ5ZDXBX9,11346.39273
PCSE3YFFCYQVRNYX,5974.548511
CRTECN2QW9H2NWF2,3167.766856
TOPE7ZHY4ZX6VHYU,4424.125478
NKCE9GY4ZH4Q4K69,404.6041259
KLSEGTBP3VQPZTHF,3729.864048
BRAEGGFEQRWYDHHK,4264.278629
PACECF9NDZG39YPR,4932.924852
SNDEGZ8XGC4BWUZF,5760.213848
CRTECN2QZVM6SHSJ,2827.977385
SFFEGJZHZPYSE7YD,3949.100912
NKCE9YFBJMTVANBC,900.0471343
BRAE9WYJXR43VESQ,1798.330275
FABE7D5ZSVVRPG75,3650.283968
ETHEGNMSZPZDZC6T,2779.199418
CRTECN2QWRACCVZW,4422.56949
CRTECN2QT6ZMHHHH,2836.333807
PBXE8W55A32CHXZD,492.7184283
SUDEGGAVHGYEQJAH,2864.024135
NKCEAZ6FXQFHJH2Z,520.3805634
NKCDYFHQAKQ62MHT,2785.454745
PTPE7H5JD4MH5T4D,4090.022113
SHIEBQ8W6KQHQG6J,6086.234274
TKSEEB9MNUGDS9DZ,3638.400235
BRAEDAGATZZKMRNY,2228.213485
CPIEJCN3ASM9ZRXE,4018.284966
RTRDQGV3ZTKAZTPD,4284.25177
ARPEG54NHHJDT9FZ,4894.545712
ACCEBUEKVFFUX2DE,8530.614395
TSHEGYDYGFHGSHGY,5959.658164
VLBEGZ7SBMDMYTXZ,6275.170775
TOPE8ZAF4NMCGHR3,2921.012104
BRAEDQEDVYJV64GV,8185.818418
CRTECN2QSXKNSX8Z,2968.405579
BRAE3Y4ZP6GF4JKT,4462.887679
SHOEJWNPWBWCE7HQ,1757.46611
SUDEGVG6PJKDGW2Z,733.1816739
WATEBS5YABDG6ART,5077.084655
JEAEGE8QCDDXCXFG,5186.508678
JEAEGFMHRSUHCHDY,12374.32535
SHOEC8QGTYTSYHRC,5554.486379
NKCECZJQS73UZGX3,3099.575182
CAGE8X8X5QEP5BWM,5231.531806
SHIECHC2G6B7JPTP,1003.464143
PTPEATF8HNUX8SGY,4209.837547
NKCE8BG8ZXHRZN9G,7760.968733
BRAEBG4ZBVZDWG8M,1465.609206
SNDECV6YCADQHMUQ,6777.351174
NKCEB98TYYUZE7BQ,5337.04239
TKPEJNSQMHREJYRD,5291.173123
NKCDUYA5RGAGR4PY,3785.175439
CRTECN2QSQX5H4GM,4169.130913
CRTECN2QVNAWZZHZ,3803.240667
NKCE6SR4YVMYZMGY,10180.68878
PBXEAJVRV5HNMDTR,296.5659953
SFFEGF6KZ9PPM4SN,4491.434187
RNGDY8PZCQHBYA8U,6856.551871
PCSEAH5W7RFFGKFN,4887.234579
RTRECZANMW6UAQ5A,4000.567941
PCSE9R3UWEMF57RQ,9285.464255
SUDEGGB4EZEJ7ZPV,4862.850764
BRAEBBMQZJWQQFEE,3218.6836
CRNEJB4NE9FYSGBR,2845.35018
NKCDR6BHVPTCG7HA,9966.350491
PTPE4JYTBXSZSZPF,3336.58994
ACCEGGAF75RZUBTU,13130.68514
NSTEG358AT2YQVV2,4728.739928
ACCEGKXQ9ZFSWKMU,822.1619965
SHOEBG6ZUGTSDGBU,5033.524203
FABE92NVJWFVRWTZ,3748.534096
ACCE8XZMEQ5C2MU7,5465.858165
SHIE2XDXPYYGJJZN,446.8439589
BRAE3RFCGHJGVJ9Y,9353.96099
NKCEA5FH9ZB34DEE,5918.608352
BRAECFAQXWGHUZDQ,1781.431351
SNDEBG864TPNPGSE,913.8758262
SHOE3MYBTPZVTGYM,4772.35817
NKCECW7BGWYRZ3BP,4126.268932
ACCEGGAYF5HTP4RG,1
BRAE8RSAJKCPQ4WP,7565.302178
ACCEGXK4RRVYHJZR,527.8363594
CRTECN2QWHKJ3PBU,4415.31228
DREECUW7PKBTZPRA,4026.625203
PCSE6SJGZWXPQY9G,2639.333068
WATDZ98SPFAQVHWR,8820.196342
CRTECN2QZ2HFUHH5,3034.434538
CRTECN2QS7YHAKV2,2117.293016
NKCDU4RZNVATGYZZ,1703.782801
TOPE7W4CTFFFDQBH,4252.72779
NKCE7MMGDBM6ZYT5,3786.658486
FABE92NUSYEWSG56,656.7982576
NKCEFFFPZC5FFNSY,4429.223748
BRAEGGER5HFB7YXT,8387.662636
KTAEGFPRCCS46ZMA,3406.686706
SUDEHYGUBYUKVZYJ,5886.881987
SHIEHZRCHVFEEVMR,6217.875663
RNGE9HEA2SSEK9ZD,590.1918736
BRAE74BRYKNFVGQE,2224.414854
AVCEFURSJBG924HG,625.2765898
DREECZJEPZNGBSFZ,3889.265671
SOCEJPT5QW94BHWE,1589.710759
ECOEFYFCC2BUSBN5,3156.064559
BRAEA7GBQR7ZZN4K,2324.089788
TOPE5N5ACWGNUWBY,9518.132083
BRAE8X2ZW4ZPDQ7A,6234.164546
PELEJWHBZZHFCF4H,5260.82113
PBXE6YVW4CSQGJPS,3143.480648
NKCE5WSJTHTHQFUG,4209.416382
PACE5VYXKSZZ8GKF,3017.433263
PELEGWXGPG8UEXPN,3186.378709
CAGE7CZRJ39MZ33R,3184.490558
CLTEGE4SGRTVHXAW,4203.939019
PCSEAH5WZB8HNWEG,6543.959586
MUGECEVFKB5RER6P,3885.989353
NKCE3H6BGY7BF6K9,7768.659882
CAGE7CZRW6MNSUH4,4896.614843
RTRDMNVFYZZBXT3G,2867.804612
CAGED2W2SHVURMZH,5765.348788
BRAECTFYYHAUWR3A,2243.414218
BRAEAR7WUVRVUAHY,1774.419322
GUAEJGQCH9BNFH2J,6799.105836
MATE49ATZAJFGTHF,580.1698273
NKCE8SESTHKCG7FW,6046.911762
PBXE9T4SWW4HSFGJ,482.5610523
TSHEHU5RY4T3XXQZ,5545.866238
SHTEE72RZN4TVPUY,5533.550359
NKCE8RB5Q2SERPVK,213.180623
PBXE9YWGTTTX6KVV,3456.682264
NKCDWBPZTRZJTVR2,2647.333945
NKCEGHR7YXJD3QVA,1549.648373
SHOE3S9BYE5XWSKS,6234.062872
DRPEHS7GGAEJHWGH,642.9640276
TOPE7DNYTYVKXH8X,4630.728911
CRLEJ6B76SJP8ZVG,7253.859704
BRAE74BREFRNXRYB,3267.025175
CRTEA7HABNRWRZSV,2691.522093
TOPDX9TF8EH63HHG,4024.826823
ACCEJ6TESY6AFW59,1556.403484
CRTECN2QZZJVMK8M,4264.320177
WATE3NWHWHGSECNQ,10903.34731
MUGEACY8EXQKEZ8J,3727.549702
SUDEGGB5XKHZ8YRV,11009.13015
CRTECN2QXUGAJF8Y,1211.662705
TOPE6ZCJTWVV9GRK,8720.610649
BRAEAHEHDB9H3E65,2000.567969
CRTECN2QVES5SGVH,4021.916612
BRAEDSGAZES3SRZ8,4051.446436
TOPE954F2MKDZFTF,1245.233704
BRAEE6YMYDZCTFHT,2316.512614
PBXEAJHVVCHEY59Y,459.52471
CAGE6FYHBF3HYBWE,651.0397298
NKCE59YWGAXY6Q4B,2729.524836
BRAECKHYSXQD8ZMC,1213.095596
SNDEHZMFFAHHZSHZ,6276.068981
TOPE9RCYS54YZNFG,4255.413998
NKCEC8AZHBUEHH6Y,3726.947361
NKCDYQ3REN9WJEAF,2509.315424
MUGEAGGKXFT23YYH,3981.058837
NKCE8HVPRWTY5JET,2569.65847
PAEE8EZHYZESVZ2H,5820.309201
SHIE8G24RUNDF63N,5723.737565
SHIEBCQZHBFMSFMK,3193.296111
TOPEBCJF2D8JB3RG,3728.815641
NKCED2ZG8GMNMMSF,3344.50899
CAGE75DFBFFJZZ2P,3393.321215
KRTECQSZAZSPPJWZ,13261.26957
NKCE3Y5PHMWUUWQ3,5038.563252
WATDXFGTREYMG4ZW,2154.936786
GRKEG4UWCS4SNUSG,2511.810121
MUGEACY8MDQCWAGH,2293.996327
WATDZ5HGZZCZXDNC,9629.980514
NKCE8E6YYVEUTNGY,2714.768512
JEAEGE8RGRFHFUU7,7303.982606
BRAEE6YMYZ4D5YGS,5835.163687
SNDE7FD6YA84VHSZ,745.1215963
NKCE5HYVQV5ZKAMB,5011.598774
LJGEDTGP6EVWQAJW,4884.173259
SWIEHF3H7WG6VGMR,1902.694964
CRTECUWZC4AEEVTQ,3891.468224
ACCDXH5HDZZU8QRH,6878.362478
NKCE9ABEZFFRGABC,5079.335103
NKCEAVVRRGHWXTNF,3518.863431
DREEYGCXYYZHDGDZ,3385.968884
NKCE8RB5TUKH4USX,6091.880458
NKCE96SXZGNBFP3J,7636.73694
BRAE8QNFWA34HGDX,9691.131006
BRAEDTNZZN4ER8JN,2285.336795
BRAEAW9MTDZZZBH9,6056.456821
PCSE6X3YSK6U4XMY,6116.930869
SHOEBBWKYRZHMMZN,3384.828321
WATDKB7JHUHHVMU9,433.1166012
WATECSYFBDTEVR5V,2873.188045
RNGE96Y2DCHGZ5AH,4599.288253
VANED79Z5THRWD3K,3625.964886
CRTECN2QWVBQNTHQ,3644.594691
USGEJPPVGZNYAJE4,8248.455303
CRTECN2QY8BEJVAB,3634.462989
BRAEDNX2YFFFVD3A,1857.152296
RNGE96Y4USHKXVCY,1262.733052
TFHECYGABBG9NRZM,7245.230286
WCKE2TFYRJA65QEF,561.0691624
BZREBXM8BFP6HZVP,6245.291562
CAGE7DSFVSZDYPFF,1804.142709
SHOEGAJGGTZD6HSY,4932.776239
SHOE2FQCR89ZNN8W,7959.365557
TSHEGF9YZUKYJKZG,7439.055633
CRTECN2QYZCRHWD5,2465.219181
WCKE2TFYMTCGDBE6,3816.431198
LJGEHYCBH3VEAZYN,1728.699211
CAGE76HYPAMJ7WKH,3282.961466
NKCECZJRGGSJS5MP,2992.686159
HMBEHBANHWHNQF8B,688.5478844
NKCE2V6XHV3DSGPT,481.4307039
AIRE9B8EKTNR8J4B,4897.995639
CAGEBTJBUKGHGBSJ,5499.816885
PCSE7B6U2VYJZWSQ,14294.90385
CRTECN2QX3VH7RD5,2028.63698
SHIEGQEQ8X5DPEWU,293.1068999
NKCE38HEJPZSGBDZ,2345.535114
BRAEDQEETE3Y2CZJ,2078.784467
TSHEJQ22W8XPPGGH,744.6525318
CRTECN2QYTQNTVFH,612.179298
SHIEGHNCZBRTKZCR,4387.803362
NKCDYQ3R3YGZZYGB,6280.053513
SNDEJCWXXFWQRCJU,5434.41173
BRAEGG4PJFZEHY5T,1279.864142
NKCE4PZ6YXXW7SPR,3111.492794
BRAEBG4ZXJNSXVNM,1002.974481
ACCDYDY6PBZGPYDT,12747.6982
NKCE3JRMBSUGXDK2,7378.630627
LJGE9TGNDH2E4VRH,8111.350947
SRTEGWKMWDED9GFW,1589.984965
WATDE9NFPB9TBVSK,5331.821119
SHOEJCZFDNVTB3RF,871.7456292
BRAEGJFXYTH2MG98,4182.658758
TWTEHH2BQ29FYNGV,672.8544528
SHOEHYA2U4D2FDGE,4689.133546
NKCEB774ZFTSYG2V,415.6622481
SGLEGBV8VZ4QSREY,7117.796909
SHOEHZMMPFYUGBGD,5590.073272
RNGEJ39US9ENJXYF,5548.715917
MUGEACY8F4ZAFQNJ,688.0240266
PBXE6ZHNEGF3VGZW,2667.793579
TLPEG6GR9HUYW3ES,864.7587609
NKCECARBX85NCE3P,3375.624278
MUGEAGGKNFZUGFN7,4514.123309
PCSE9ZPV7HAPCFZ6,7714.857306
TOPE9KJE9PVJJZZC,3737.864506
CAGEBTJB5SZDNYXY,451.1954798
NKCDYARBMAARKGFZ,3903.802667
BRAEBHDVMHWWJ72Z,6774.991898
SUDEGGBFA9UZ87PY,6742.078643
ACCEABW85UJZ7BMZ,8234.993247
SHOE2ZNGYDECUGNG,5156.387089
NKCE9Z2J5XF5GDCP,3412.463872
PTPEFS9BTD3YHNHF,4242.781981
NKCDWHFQ2ZBKQHGP,2240.618679
MUGEJG6SRGWSSZVS,6360.921088
TOPEYHHWTQ59WEHB,5200.573404
PACEC9FJHX2ZJJFM,4207.038634
NKCDU4RZYJ4NC2FS,3844.025473
CAGDU84G2G5AEAE5,10601.21449
CRTECN2QU9XUVRDQ,3983.78921
DRPE3N3WWNJHVVNN,2670.911847
NKCDW898GSGZQGGY,2612.199033
MUGE92Z4ZTV8UZYN,2582.201731
BRAEBCY3TP8GZGQP,3949.472263
NKCE8HBNYGFJDU8Q,6374.274773
CLTEHE9FS4UCYDGH,614.0127287
NKCE9PFFZZJ2JUTG,7522.012795
SNDEGJFVJAHQCENF,11211.83625
NKCE2NKZGKZ7TVUE,2461.758845
SRTEHHD7AE757FTH,3001.693892
RNGEDAKCZAZQTEZZ,2497.49018
RTRDNGVMH2ZJZRMQ,7510.991304
SHIE9FMPWV8U4RWX,2208.914134
PCSEAKVBTXB6E4RF,1008.010936
SCHE5Z57GMRHGXTD,3563.614159
SNDEJPZMCWYT5QRW,6806.059081
DREEGZ5CVEHJPDT9,5593.626534
SCHE4YST2DH7X2YC,4078.113845
BRAEDTPHBRK7YTYE,1954.289317
LIDE4YMTRHMXGXKZ,3526.972734
NKCED2ZGVXQE2UWP,3265.155838
BBAEJA4VWFFEZARG,5611.563602
WATE6S3AHZXW9GPK,9086.005423
NKCEF9GTMZD4JZW3,3312.416093
MUGEGZUMNZCKBZYS,2444.288632
KRTEC89NQNYTJC9S,2284.288556
MUGEAGGKWW34AFH6,2532.639605
NKCE7HN9XD8UDKHF,4396.50785
CAGE8X8XZCGGXQ7Z,694.8007768
BRAEDSKC33TQAGG2,2812.035224
PBXEBYHC4S5BQYDA,693.8909428
WATDYQ938HFU8M8J,1172.472623
SHOEFVT6YAKB9XTE,4508.840388
BNGEB467JXH6QER6,10923.70415
GLSEHFJZ2N9C3WYK,876.5777244
CRTECN2R5JRYASA4,4002.18044
NKCE2F5HBUPEAAPZ,686.0173226
SHIEAREZZWVXUBQT,5547.925238
BRAECKHYJ8HGVGHG,1579.169264
VLBEGZ7SQGDFUXE7,5451.471164
ETHEJG2KXFSM6SYG,1277.309372
MUGEAGGKZTMNHZPF,514.4578006
FABEH2JYVTGFEEFT,773.1949387
SNDEA5EG9KPNG38S,835.8304373
MTYEGZ5ZCWFARE5X,5158.621361
TOPE8XCDBUGUZWSP,2667.847573
COAEJFTZEFVYTVBG,1753.542045
NKCE9YCYAJTGZFZZ,3447.976105
RTRDMNVF7CQ3HAHU,3285.426145
PTGEGUZNXKZ8P6Z9,4849.417955
SHIE55GT4JDKEGZQ,4004.000506
TOPE7H6NK6YHDAP3,5457.262781
TSHDWUPNBPZZHHRD,7489.460211
ACCEATGZU9QWN3XR,3007.008669
TNREFBYF3NYEWX5R,13792.05442
CRTECN2QYNFWAQHM,6022.987978
KTAEJFR22QUF6CCX,8319.29699
MUGE9HRR6HVCRPZT,5881.492239
BRAEAW9KZHABYUAW,9067.243677
CAGE9ABBP3NXYEMZ,13949.33317
SHTEJT4DCZAKK3YW,4349.688203
RTRD8FPJEQRZ6BEM,1139.539723
PLWE6S4BKHB5HZD2,5294.377028
NKCE6XU6NKSZPBYC,8559.789502
TOPE5UZG8YEV39XC,1141.164783
NKCEAPCVHF2FJTCN,2960.918804
NKCEASN6V7MJ482Y,3081.932511
SHIE3QDHDTF4BMK4,6514.93516
SLTEGE83BPHD2N2R,9514.4745
CAGE6FYK6VKUMRTT,4396.625825
TOPEGGA4KWAXGTG7,3691.362715
NKCE966EVHN4AM4H,3617.400511
CRTECN2RTNAPQ9UC,2668.458192
AVCEJCJSV7YSUEGN,4299.485503
SHOEBGDMZFGMWGSD,4023.526862
JCKDXPJGDX8MMGDF,3948.018387
RTRDNHMRFZTR3ZPZ,3877.804447
NKCEFFFPSG28KBZR,5092.317518
BRAE8RSARRKPHWUY,7464.393514
NKCEBFWTZCR2Z9CK,8756.661045
SNDEHZKGKGHDFG57,3313.071573
GOGEHYHYGRZFMC9D,2003.494799
SOCEGHM6YYCTBXHS,1595.080898
SNDEGQ7NBVGASKHA,821.0965174
MUGEACY8Z6RG3GPV,3034.948226
NKCE38HB3Y5YH3UF,3448.509716
MUGEB3GZ5HYHGBQT,2397.802085
SHOE6ZQFRGNTW8JX,2803.438462
CRTECN2QYZBRHJZF,4085.98989
WATECDDDQ7SFDD6K,4535.170921
BRFEGJANHRABGE2Y,6218.064014
BRAEBBYRYZBKQRKA,9869.272069
SHOECUZVNVUQ8CJF,2222.411633
CRTECN2QXB8H2ZMM,2300.688054
BRAEA5MZF4TEZZPH,4782.625754
NKCDU4RZR83PHQG7,5170.26844
WATDZ5HGJEQGGB6U,5038.0317
CRTECN2QZYZK9WYV,4810.319171
NKCEACWN5GXUC92H,2558.37128
HKHE57EHTMJCH5FT,4218.493817
SHIEFFFPRTTYYF3G,6582.494853
SCIEFHFUUSZZD24P,5712.999513
ACCDXFZXH75VJZE8,11850.35558
BRAE6Z79CG9ZH75H,6855.190704
BTCEJQYNBKZNZDKS,7640.161581
PBXECDBWKHNKGEGD,2178.605586
NKCE53HJHUTKNGUF,7963.755439
CRTECN2QYNCSMYNX,3317.495256
BLAE6DPHFYECGZ68,12288.69639
NKCEC9FM6ZZGB5A8,4043.987915
CRTECN2QYAPXYKZM,2678.586306
TMLECXEQZXPGWW7T,9117.104109
SHOE8VP932WXGCZV,3167.235783
MUGEGZUH2HDYY4XF,3950.488477
BRAEDW63EGE5VDXG,2361.597811
MFLDUKGX3Z2J5VH9,5001.365953
MUGE8TQEZKAD9WVN,2570.857641
ACCEAZCVS4YGWUVH,5621.891294
MBPEFHRYGGHJMRYW,1050.20887
TOPEDHEA9YERKGUT,2306.755077
BRAEDT7SDETZENWB,6318.476378
TROEHYUVAJ6NBBAE,2354.599233
TOPEHZNSWYHQYGUF,3481.711912
BRAEDSGAYPJFXJJ5,2432.254687
BRAE8EHTYSUXSHEM,2705.967415
NKCEC8ATTJB3QMGB,9078.265022
CAGE7DUYKHBTPZVZ,3916.296419
TOPEBKYKJZCNRNNJ,3505.210634
NKCE77RVJXKGY5HH,553.9615495
CRTECN2QS6YHKQ3G,4135.103742
NKCE9AZM3GVSMZPT,4748.44429
DREE9CPNYFZP9HRA,3007.814806
NKCE7Y2Y4BFFU9A4,3678.899825
SNDEDG6H5CYWWBBP,10418.01731
CRTECN2QZJSZBWGH,4009.512088
PTPE7V9ZRFFHG22K,4196.836912
TSHEJCQ2VWZAKZJ4,2927.693333
BRADM8DWKXXJDEHW,396.6984658
CAGE22EFFAPMZEPE,1166.938803
RNGE87FCCDJQYSQ9,8623.405299
CRTECN2QZZSR4ZVH,4718.196877
SFFEHUAUGA5GBTYZ,6020.657848
TSHE4KACQVSBXCFC,6689.178762
NKCE8NHGSHWS56FH,3458.732289
ACCEGKFHWYVFNCX5,2122.925817
TUNEA8UGGGDERAHT,17912.8989
NKCEA5FHAKKSQCK7,629.4955491
ACCDSY8ESXF9AUHY,12010.26883
PBXE9YWGDQYKWXRS,9459.431419
SHIEHYHHNPVZEXVZ,604.0877333
NKCDX3BH8FVUZAYQ,7213.693995
PCSECV3FSKC4P3P8,134.109739
NKCE6UWHJPBKGHZ5,546.6166371
SFFEHVAVYGCD3HSD,6609.785309
KRTEJ9GHTVHHGQHM,3116.089516
USGEJPQKBNS5KDTE,4172.463108
NKCE5U69CGGXVG4C,4278.987561
LJGEATZSV5VGNDXW,2879.433245
BRAE8JUGGJMMETKY,1272.477767
WATEHYU2ZR3UTGRK,897.428263
SUDEHYGUWDBVFRMH,872.4984593
SNDE5E6BCHZCC7JQ,756.342258
RNGDVJYNGRUMZJFT,3939.167597
BRFECHUFKHVYUREJ,587.8708344
MUGEBFGFEN9A5EGR,3861.078456
SOCEGKQYHGGXAPGD,3275.286961
NKCE9Z2JTCBDBXJV,483.9994789
PANEJQ5AMGFJKRAF,9349.37497
CRTECN2QUHKRMZSA,3827.82653
TOPECBAAP9HW5VMH,9516.778005
BRAE8RSAVVGKRBK9,3102.503995
NKCEAX7H3Y9JBGYZ,291.2511573
HRCEHF2C2XQKQZHM,3752.851739
BRAE3TSHZ6VEKQUG,1187.837468
STIEJPM3D8HYQRTN,478.6971282
LBXEHFA5TTMBMFR8,5502.661922
SHIEHGXH8GPWGWFE,5737.449952
NKCEAUABWU3Z8HZ6,1281.096488
SNDEGFJ2GD5GWVSH,5272.392726
NKCEDCT9KKXBQTND,237.0563323
PLLEHQTXADABGDSZ,5766.514193
SNDE6SCTV6BCGRNV,8735.045921
NKCEB7CE7G7JHQPA,3571.966787
PCSE6SJGPYFYGKUQ,7070.990622
LCHEGYYBWP4ECBZJ,9765.710314
TLPECJY7WKHYDZT5,4542.805712
TOPECJFAHFF9PB94,4150.065467
SHTEDCZWARQ2HZXX,955.7218646
SHIE86XAM3TUG7HA,5385.289545
PELEG5D24ZAYAHUJ,4749.053742
WATDYFQ559FZWRSQ,7871.881721
NKCECZPZ8WCCFGRV,498.4821536
CAGE9YTNZV5B3WWZ,542.6513783
NKCEAGXHYGDBWMWZ,2992.480265
CRTEHSS9JCJEZWCA,5769.724446
CBKEJ3AZMZGTQ9F5,936.3111897
PCSE55G4YBUXMBJK,1244.882628
RNGEBKGHZFCSNZWZ,1641.572778
CNDEGVK2ZMCGSCEQ,9122.466764
ACBEHDUATE73ZUFF,2460.77789
NKCE5U69RBZRVJCQ,3038.22773
RNGEDAKAZRSRYN2X,6997.268095
PACE5Y8Y44TKZ7RM,3681.903627
MUGEACY8VKKQ6GJ4,2123.209637
TOPE6QGAWN9YDQWZ,6407.953244
BRAEBBYRWHYKY7CM,6982.794584
BRAECA2JWQJZFHUU,3156.275813
SNDEFGEAF4GRHHX8,589.4607243
WATE9ZYZTKUEFFVG,8176.808186
SHIE7QCY6ZQSUF6E,5487.440541
WATED9T48YVSTAA5,2979.830414
SHIEB85ZA9EMJ4BZ,6503.117082
SHIEARR3DXE2SXRF,3957.174282
TOPEGHZ6VKKVGYNR,6690.926238
WATDXFGTFHHKPBNV,1171.60233
SRTEGWKKZNUYX7HW,8539.328285
SCREEMC7DYNN5YHF,4712.780514
WTBEJ9RTQQMB9VYE,3293.014156
NKCEAMDRQZKUXEYW,4817.464086
BWLEHTBPHRBSDEYF,9269.47838
CAGE5HVNTSEFWCW7,10061.6864
SHIE55GT7F6HYXDT,3573.889914
RTRD4D3EGBAYBG2C,720.1898569
SHIE7MGDC6ECGFJ8,3678.168886
BRAEB2S8RRCWFJST,1089.951613
SNDEHZPDGAZBWJTM,812.388798
BRAE7SQFUBCGUCWT,638.5092984
DREEGXZ2QN5ZKDGH,5764.552085
CRTECN2QUHW9VFFT,2662.314338
NKCE8VQHVG89RUY5,5803.087008
BALEGFWE2Z7GTDMS,3542.801508
TKPEJNDEFYSRZSXF,5732.169391
SHOEHYEAJCGEP5UQ,2304.705644
LTBEJGVNHVHPUZ9G,9454.956569
CAGE4GF7UWGZHN7J,2667.878952
NKCE4TV4VCFGY5UH,3726.051661
TWCEGJZKVYZHNE6Z,3866.011187
BRAEAZEFXHCKE3RG,6886.28561
FABE92NVWSKPDK8W,3704.406832
BRAE8UZGKMFVSG2B,6916.922488
NKCDZFJMRP2XBBTK,4115.456982
RTRDZ5PJTSHHXGME,7219.96119
NKCE7AGZESRQGFHG,2374.933726
CAGEBTJBTNGGDZQZ,5030.773964
MUGE6SYU8QAKS7UH,3742.862678
MUGEAGGKYUB8SYA5,3961.206922
WATDJTR979TAXJJZ,14468.41767
CRTECYY4ZHUZ6HNT,4968.954732
SUDEHYGUXGNXBNZM,6223.765633
CAGE3FX7XZGYHGRJ,3300.510177
NKCDWBPZ9PWWVGN2,2215.312098
NKCDXYFHNXGS6MSE,2884.90315
BRAE3TSHVMCW7NDZ,8082.681625
MUGE6S9YZ25CHZRN,2955.943804
PCSEBDFUMFZZQDJW,12300.46827
SGEEG7CR5YSTGTFT,4611.787346
CRTECN2QVKZ4P6VP,3822.622689
BRAEDSGBTTMMSZZM,3051.02516
SHIE6ZSBGF3GZZFF,2329.304502
PTPE62XBPSEHCQCR,8555.512089
WATEYUZXN2DHGZ36,8439.362572
SHOECK2FYYWUT4KM,5040.027546
ACCEDTNRJXYZHZZW,6543.52581
NKCE9336FXG94XTG,1855.640466
JUMEJCDRCWWKBQSX,10151.63062
WATDZ2ZQTPKQZEHG,7850.679826
TKPEGRKHT4832GFE,3637.191526
RTRDQZMJBWHZCXZT,13085.92507
CAGE6HYJGDZQXHQD,10590.48506
SHIE8VY9ZYWPUBWV,2493.368949
NKCEABYZYMNATYGH,5040.861705
RNGE4Z3DDZ3YAKSG,6226.906525
SHOEFZXRNYJKPPYG,4785.931057
RNGEAHG8GKFRK38B,5112.660136
NKCEA4CAMNKWVXTG,5454.218978
CRTECN2QT4YABNGQ,2974.855167
SNDECYKYTBUYUEPU,8473.400559
BBAEGGDCFERYAQHU,3119.118744
PCSEDE6ZNWQCXWDY,8073.371116
SNDEJH4DBHFK4N7B,4649.238381
SHIEAW8RHVJNER3B,3402.312909
SHOE9UDJKNVSDH72,4403.462118
NKCECZJQSWTUUGXK,3977.781904
BDSEJJCKFGYZR4GS,312.4955184
ACCE8XZMKHTPSVFW,6592.987674
NKCECCMFZVWGAZXP,3557.891786
BRAEDUXKWHZFVQN7,1821.575984
BRAE8RSADX6YHAQT,6707.21861
CRTECN2QTVAGYNZ6,2139.39467
SNDEFKFNCHPREWPN,6030.284604
BRAE3TSHVWYHGGWH,8145.498644
BRAE8WYHNGG7ZXPM,2088.439936
TOPEHZNSDHHZDB4G,590.5231637
CAGE773YKTNBTMMH,8455.77771
BRAE2NF6S8WKV2FE,1212.410131
WATDZ2ZQPXHZYQZJ,5667.251006
PCSEE4H5GPSUFGGX,2451.67316
CRTECN2QYG6SNGZE,2836.859855
PCSEAH5WAEHFFNDZ,9402.348943
TOPEDFTZPFYP7UZU,4362.638324
NKCE7VKYZ8PEGCG8,4972.893669
BRAEE6YMBUAGK2FH,4644.908713
SHIECKYBQQNHZFZD,2671.24223
PYJEGN9Q9NWSUYGB,8688.209177
PBXE5ZJZY2NC256B,2928.303847
PCSEAH5WEFMRTDEX,8985.942481
TSHEG57TG27P9EZM,3343.984591
BRAEGJFXUHYZPDWZ,8407.745055
SKTEC88WSNYJKWY7,623.1738742
PTPE6GZRTJJCSURV,2937.926598
PACEARXTEE2R8CNT,2797.621759
LJGEYGHD2YPQHQGZ,4264.11738
SRTEH2FGBDJGX8FW,1447.911839
NKCEGGFGCKCZS72F,6012.409821
NKCE9AZMTYBWTAV3,4479.034933
BRAE5PKZGX8HNT8Z,5851.594534
CAGEBTGH3CHD9T4T,4782.449862
HRCEHF2CCUFD778C,5169.201327
DREEGSMKFEHFFYNV,6044.224539
DREEADCWZ6XFZCGJ,832.5538542
PCSEC86WZXZPEEZB,8339.922294
SSSEHFZ34KRWYGSH,2705.961329
CLDE26U5N2TSHREG,5271.998687
CAGDTSJUFVMVP3XG,7216.639151
BRAEBB6TWYYGKYQC,2064.093988
PCSE76X4K44HZ5YY,6268.823746
BRAE8TFHXNFSGZHZ,7978.447661
SGLEGBV4XF6GBWZS,2936.266737
CAGEBXZ4UGZU65ZV,879.1060995
NKCDX3BHQDPKVJ9A,3412.660732
CRTECN2QUPXANVU9,2986.944618
FFLEGEXHXGFXZAXY,6886.624188
NKCE7HN9F746GK2E,14648.30753
ACCEAZCVU9RPHNFG,6700.101821
KTAEHE9KFWXNYHFD,2900.901857
CRTECN2QY2WRVENS,6395.85716
NKCEFP3J2FKVYFRG,384.1772566
JCKE2HWFZD5HZRE5,6218.718469
BRAE2Z9VJ8B8FAD2,2034.441263
FABE92PZSEPSGZFK,429.219535
WATEYAP3B7Z2BSYV,7320.517199
ACCDXFAJ8NGKEQ5A,243.9356573
CLDE9Y64GKDGAAUG,1733.662608
NKCDU4RZRKCZWYQH,879.1763769
PSIEF4ATFU6QYETN,5080.91748
CLTEJ5ZZUZKHHYDK,7498.145199
JEAEGBX2FBDMZK2N,2245.619272
CRTECN2QTXCGYGNC,4588.937811
ACCE6FZPTNC3UGSG,2818.602184
PCSEE4H5KH5KUBA4,11703.07586
CTTEH9FYJFQMB8M9,6178.0093
BRAEBXRBXYDKYPKB,2984.5307
WATDQKYFVYKGPAKA,7156.801109
CRTECN2QSTZHJTKF,1491.418635
CLTEJ5ZZMTBYXWZQ,6206.375713
DREECRS5RGQZTYNE,4479.45061
DIAEJ8FGHZ3K86JU,751.7709455
WATEHZN5BG4SUKBY,4797.659586
NKCECS3FSXUA56AU,11305.91128
SHIEBZ7UE4BXMK98,1739.631199
SMCEJV6XGQDBMGGQ,5730.038821
SHOE39Q6PDKHYY2F,504.4698088
BRAE3TSHYTS4FCU4,8162.355199
ACCE7ZK9GP3YCHBP,1766.727635
WATDWGAHG7AHMW6Y,3117.084252
SHIEASFWXZ6H28UY,5396.603474
BRAEDSGBPHRAHEMU,7820.486198
BRAE4ZWYGGWFKUM3,3971.670697
BAREGGF8NBTFWU4G,2749.247676
PTLEH3D3VTGUCQBK,2529.115584
BALEEZ2A4SWPXJU4,360.350486
CRTECN2QW62MTXAJ,2520.340183
TOPEDTKMHEGYN2GA,698.9514627
WATEHZP5RHMMCBPZ,5982.382002
KRTECZHGC97Y3DGK,7804.155393
ACCE6DZCJZ3M2DAT,894.0640084
NKCEBUPHUZM4BRWF,568.7991322
ACCDSY8EYXYYYYVK,11854.30095
SHOE4HKYRFPHCJWX,3201.208496
DIAEEUAM8QXHB7BD,809.7856802
PELEGNSQYKKHT2ZH,5485.22163
NKCECYNZ8HHZHY3N,4089.068272
BKPEGUJHJFYS4FCU,6235.502106
CRTECN2R6SGHFHGJ,6168.188923
DREECRS4FHNBDJHY,5795.679509
SHIE7BZ9XWCHEYPG,5610.763493
PBXED9Q2MZEQWXCP,10762.33795
CAGE5RNE4JVBXZBX,284.5802322
WATDZDGRQBXTKHPW,5188.470404
NKCE3Y5PSKAJSBPY,6761.991209
BRAEE6KRWZZGZKHX,3620.80632
NKCDYQ3RC997MHB9,7170.317393
BRAEDXUVZPX2RVVP,2362.874555
NKCE8JMCMGCHCYDG,734.9854643
SKTDDA4YREGBZDP3,6674.629135
CAGE9A68NZMEVPPE,10204.8802
BRAE6NZAQBHWZNMT,263.1068653
BRAEAW9HUCVYHBHE,2810.058688
NKCEYM3BHZHMYT7Q,4268.41225
MUGEACY8ZBCGS2ZF,3883.617466
PBXECUFGDMEZWMYB,740.2285029
ACCDX8ZUEWUKFHHQ,1450.134832
RNGE7GVYZGVHDS2V,10383.68974
RNGDTBQUJUCRDTCK,4373.494531
PCSDY5AHHQSXZARH,853.1448834
PBXEAZ85KCZED6ST,2825.00664
NKCE8HSQEKWFAUYS,367.6741916
SFFEGEZCEJRG9HVF,4002.69302
JEAEGWYDZYDRGXQF,3840.665437
BRAE8TFH9J4PHP2Q,4385.145984
BRAEB5BUYYSV9TEQ,1940.615102
AIREBB9APEFZYSFB,7860.235481
SUIEHFNUU3BDCGZN,720.857906
WATE9M3RRRKZK4FD,644.5336918
BRAEGJFXBGRJKXPN,7370.200206
SNDEDF6WMSQJEGFN,7665.458748
TSHEGG9KQHGQEZXS,5280.878644
TIEEHZDEDRUH6NMB,3028.64436
BRAE9C3MZZ7SKKSH,7635.944774
CRTECN2QYAWB9FPE,3567.152246
NKCE8T78YZYEQYDD,3072.033958
RTRD7XKFDBPBR6CV,661.1069502
BBCDPFZM6V585ZZE,333.7318247
PCSE5VQ3FBAPKERB,6872.901676
BRAEBADVVRBUXZGN,5771.06857
NKCECB9KEYRV2SU2,3320.474946
SHIE9GH8DZF3APB9,4882.528884
BRAEBXRB322WRYZF,9782.018731
RNGEDAKEZXMAXYKB,9194.950531
MUGEAGGKDCJHRYBY,905.1101184
NLPEJUMTYT8BP983,582.956267
BRAEARZHZF7HFYM6,2026.938185
ACCE3YFFQY82H72D,7898.752727
NKCE5TFVTYJC6VMW,7305.259031
RNGE96Y3FNJ4TVSA,9513.867138
CRTECN2QTGFWHYBY,3450.50534
SNDE3SNFMHARS463,1148.989042
PCSEC86VYYXG23ZB,10291.54613
TKPEG6PZEBEYFB2M,12782.16669
PCSEC86V2P4M3TXC,8814.313317
PSRD7NKJGFMGAZQG,5077.024512
SGLEJJA6TVC2KYUH,1100.632248
BRAE8WYHNJ2B2ZEJ,4086.205993
PBXE6P4FHJJCQZXZ,5704.833487
BRAE3TSHZGWGT6WP,6333.861475
WATEHZP3ZA9YT99G,630.9028009
BRAEE4H4XNG34W5Q,3489.509488
CRTECN2QZSZMM3YJ,1742.777622
ACCDXFPFH66QGGR2,17867.14636
TOPE89Q4SYQXFGXF,3414.133735
NKCEBMDCUWFNR7ZC,1690.716657
NKCE9AZM5ZMSFXSX,3786.791097
ETHEGYSVEZSH5HUG,4002.689188
CAGEBTJBAQKZUVQD,8560.696167
RNGE7M92H9QHRKEX,10089.37442
CAGEAFDBEJY56XSE,638.1466428
HKHE5QUYGQAWURCP,4086.606689
PCSE4V8HN6NGMFBH,8890.039386
WATE8E8PMU6ZRZGZ,492.3753892
SNDE2RXYKZZAMNGT,757.7420748
ACCDXFA6DYGMS3FZ,5853.732061
ACCE6DZCAGSQEW3B,8061.938436
BRAEDQEDVTAKHTX7,1379.671818
TOPEBYXVCYTBF6MX,5917.229129
PEAEETEJMJZ75EVG,330.1103862
CAGEBXX7YEQZQQ2J,958.0556372
BRADM8DWS52HEGJV,5975.479249
SFFEGJZQHKNFMPG6,2119.446367
TOPE45NZFFUDHKZR,5393.785397
PCSDY5AFQE42NNTK,2390.548859
NKCEANMPRRRUSPZE,2970.771837
SNDEFV8ZSKGTFAAC,4472.654842
NKCE88AHMVQHFZHU,858.9488292
CAGE6FYKGSNJWBG8,1213.340295
BRAE9WYKVTCZYNUB,878.9184628
CAGE7CZR6ZD9RT3K,9611.847401
CAGE22EEX2HKGXFQ,4039.721385
JCKEG4AKNM3HP3MG,4796.985263
CRTEA7HANRC9HYK3,9360.02149
MPLEJEG8SDGZ4GGP,1190.350774
ACCDX8ZTH89YR2ZF,1829.394364
CMTEJQYQEU2GBD2V,4224.856323
TOPEYY5YQGGRWGGZ,5494.970145
TOPEG3ZFYPPG9HZM,5100.443605
NKCEYTXEPHXSXDKM,4138.095311
ACCE6TJTBHE6YHDJ,2530.065253
SUDEHYGUSSZGDBRQ,9552.805794
PCSEAH5W6GBGTD9Z,1072.267167
ACBECFGT74DBRJRT,2702.527662
PBXE8WPTPZSCW8UP,3089.133162
NKCEC86VG3DP9ZGQ,1980.908249
NKCDYRHGGJUVZ7WC,1133.411965
TOPECUYTF7XTXND3,2586.01404
ACCEGF6WWRAUMRPT,632.0476649
MUGEBFGF4ZDPGTZZ,4183.862782
MUGEB7J7GPWUH6Q5,935.5656028
NKCE7MBRTAZB2DB5,9176.232292
BRAE8VUUYMWAYSCK,7849.095601
BRAE5F3KHPGUMPCW,6962.612644
NKCE69P8JR2ENBAG,2534.694653
MUGEBJ7XHN9UYUH9,4244.780874
SNDEGGQ2QZ2HMFYB,6523.630748
BRAE7YF6E3PH9JGW,5411.099311
NKCDYPDSFAFRAQ9T,7034.075302
NKCEBZNZXXAKBVMW,2999.538414
SGLEJFM3XXXGKXDA,970.6911511
SHOEJGFU7RXZXFEM,3529.230086
BRAE9G83CUBM56TA,5677.211228
PBXE9GF9XZTGMCRG,410.5181216
SHIEFFFPVBQK6GBH,8694.450679
CRTECN2QZ3XEUPTT,611.7034503
MUGEACY8NCCXXWJZ,264.5972318
BATEGR3ZHKPGMHXD,5893.856008
NKCEA4CAU4WH8RKF,3393.80882
ECOEH4BXGVMBYEMG,2071.335984
SHIEBFXDQYHQAUQF,6044.053045
BRAEFR6J5FJ4FUZY,5464.430063
NKCEAPCVJKG8J283,3795.403849
NKCE4VA4M2ZKZGUY,7970.187217
TSHEGZKMZYGHZPRV,6347.58779
TOPEBWGFN8MFKKKE,3454.331393
PCSEAH5WHJCJWVQE,5457.854086
BRAE6AV3FZNGNTXH,2162.693594
TUNEB7FU74F3UGVH,17595.93116
RNGE7M92BFXHH5VT,1545.640347
CRTECN2QYSAMMGRW,1352.388842
PCSE4TF4DYGDKZCT,8119.040442
BRAEE6YMRVXF3HNV,7935.810545
BRAEBCY3WXYZEGBU,5353.87237
JWSE6GH6HKQFXTTD,5039.444591
HSAEH6FCCGM7HKUQ,4715.67493
BRAEBBYRCKVHHG7Q,5086.438186
SHOEAPT3RUN6RAJ2,477.2052883
CAGE9ABAGXS3WZDB,5297.238302
RNGE65FGMRNRDSNH,8182.22873
CAGE22EETSQPZKZA,8559.879899
PCSEDPHM4G7WAYBA,10147.08862
RTRE2TYNWTGTPE8D,2784.431083
PTSE4ZHEZTF7UYNK,11373.3975
SCHE7YGX8SSZCHA2,721.0500566
WATE6S3AZNHMPTJA,8416.314473
SHIEY6KFSWWZVUVT,4239.569966
CRTEA7HAC5HFBYGY,2598.073659
SHOECK2F25ZZS6GG,5157.714306
SHIEHZSPHYJF494X,5493.8931
BRAE77MQQGG9VQVK,1960.872062
BRAEBHDVYFH5AWYH,7184.754526
CAGE5GE5YRY2YNDV,2332.553268
BEOEGXRWE4NDBJNV,6068.534524
RTRDNGVMCGNCTWUU,5612.764326
GOGEHZ5P5XDZ2UZF,4620.604853
SHIE7MGDAS5B4JEY,3789.319797
CTTEH9FUH3GKT3TF,2873.707666
TMLECXEQ9PJUZGTY,9314.541808
PELEGNVBZXXXKDNZ,1262.78745
SHOEFSE2WAFKZFHX,5194.256469
TSHEHU5RBAFXVFHK,5324.194307
FSEEHAGGGFHQJKWB,10531.44099
SWSEDXEYKZKKEMSC,7876.596109
NKCE2MBFEMAJTEBD,2199.563057
WATE8GDGPNKRTURP,802.3098469
WATEB2FZUMQU4W7R,982.466534
BRAE4YXVJ86CZF6F,1799.785522
KECEGTXHVYW47ZZD,3815.346785
PCSEAKVBYGBZXKNS,8244.802499
NKCE5QSZPBG9THXZ,3886.773791
NKCE6SR4GUG326DS,1417.378483
CAGE9ABAFWTJFGVY,596.9699288
SHIE4T77GMCNHFBC,2029.804169
PBXEACG2FBGPQKWG,3597.8393
BRAEDSKC3YRYJZCR,4119.707956
PBXEAGTNVHGQT75S,12361.9372
TOPEBTGCPSWPYGRM,8081.360483
ACCDQDYBQZPEEXTY,18126.4082
WATEBSZUTGAQBCFN,919.4951498
CAGE9ZGYNRZCKNEF,6328.579755
SWTEFZCKAC4MABVZ,5744.589573
RNGE87FCF5VXWTKH,5113.594603
LJGEG57EHMYZQDZU,851.647312
SHOE6VH5FY6TXG62,2059.154637
CBREGH79HVGFZQYW,6494.392636
ACCDWGG3HSCGUN9V,4592.60016
PTGEGUPYWSZFTDCB,4851.383688
SHIEERWHHPMWHPWB,6459.480363
SOCEGGZ8MHX79YGA,1492.142673
NKCECQYZXR4K76BH,11355.4245
WCKE2TFYGMCEPV5G,3493.415104
JEAEG7CFYNZDJEVD,1066.815326
TOPECY77GYMZDRGX,3641.832921
RNGE5GSJTGW5V9CQ,14708.29524
NKCE49ATDNH39ZYR,10767.45093
WATDSV3UMUNAXURA,10568.55189
BRAEDFYYZUQJBTEH,4660.139583
JEAEGF6NVGBFHSHH,4974.479053
NKCDSCF3GCSWCNMP,13045.11951
ACBEHDUBQHXTPAVK,3256.827034
NKCDSCF369WABYU2,12971.95346
BRAEB2ZTUJJFFQTE,5281.402681
BRAEDQFRTQFYPJ2Y,3669.019032
TOPE8Y6THTGRDF9D,3457.51579
TOPECAE3JJMVYJFF,5183.52619
NKCE5DGMUGHTVMW5,2648.96253
BBAE9ZSFDZ5JEFGA,6333.419959
NKCEYYX9FZWBEGQF,3629.087349
TSHEGHHU6C28JJUH,6998.318365
MNGEJHG7AVRHC8VF,7008.013965
CRTECN2QYV9WPJUC,4809.962264
AIRE98PZQXREURYP,4995.092771
BRAECFARH6PZ4J4W,2992.571149
SRTEHXSHU8DXFRYM,4601.406519
RNGE7GVYGYRGX5VT,6673.095594
TSHEEDY3HY3Y2HAM,2414.903936
ACCE5HSSFHVYZFGH,3576.971624
KRTEBKQJFWMZHRRF,10694.30284
NKCEC8AC6XFX5NGF,2015.869776
RTRDGGQ754BDWH7U,2423.922905
BLAEEH2ZH8PNRD6M,7491.918136
NKCEAGXHHF2ZFZEZ,5094.283514
PBXEBKWJEADHCZVN,3377.466621
ACCEGZ66PXG5AHHJ,5150.259186
RNGEH4G46M4DTFSM,3695.04289
KLSEGUGFRDBSSEDM,1112.363285
NKCE7KY4YRMECRVN,3426.73987
NKCE6ADEKEGUHPCP,4123.149057
BRAEDSGQ92HDFACZ,6241.380764
WATEHZZXEGZEZZBQ,3584.191397
NKCE7MMG4PWWHFM7,2667.93116
NKCE9Q93GVK3B8MZ,829.2058653
SFFEGZBWFGFTGYY9,6670.837933
ACCEHR4HMGHFRQAC,2767.512443
NKCE2RPCBRZFJZZM,628.9910083
CRTECUWZXMV2YZ9G,2563.815994
RNGE9GWQJSAAFF48,10317.57304
WATDXFGTP3FEMGEH,12100.42111
TOPE5WX3KMNXGUGM,5442.045278
CRTECN2QZFVWZMTY,1610.600226
WATE26J7Z9MEZZKH,15266.13205
NKCE5EF4H8C5MCGD,2143.631308
TWTEHH2BCWXHVTHF,3515.907169
MATEHF3PGYP4ZDPB,9209.357478
PCSEAKVBHWNWCHGU,6342.586049
NKCDRDWASY2HY4V8,9068.013653
PCSEAH5WDKWZZ2AU,5813.835809
SKIEG6VFMGKXVBDQ,6318.306011
TMKEGWTM9RBGGFM4,4681.734847
TOPEHFGNNEE2ZGBU,13573.89763
WATDYFQ5UHW3SK4N,8830.593848
NKCDU4RZDXGZHGGA,3972.782555
RTRDVFAPZMNA8CHC,748.7638416
MUGEBFGY3HVWBKY4,5482.840898
ACCEGYPF35GBXNGB,418.5761052
CAGED6GK44DCXKZM,4825.100002
NKCE88AHRCD7KNQT,6407.905326
BRAE6ZCHAQFRYMQY,1343.019887
CRTECN2QUZSRCEN4,3852.08233
PTPE7JZCBGGKPSGS,3571.577102
WATEHXGUJCYK88TF,1002.758168
SHOEDP7ZGYFKGWNH,950.9149625
DRPEHYHMFE6G3XZG,4291.610216
WATE2FAHSMPK4TPR,4857.237698
NKCE9ZGXYYRZTXZS,9793.801592
NKCEANMPGYRNMZJP,3703.7864
BRAE2NF6XGU42KGQ,5067.805892
SHOEFPMKKVP2SVZD,5216.46341
WATEHYHPZSDEGFBT,4259.094943
ACCEAZCVBHKKDVMZ,6231.156027
SHIE4THTCWNHTZXM,5271.309801
BRAEBXRBCCJAF72G,1068.666117
WATEHZZSSCU4YXYG,3689.91103
VLBEHHW6ZWDUZNAJ,5406.608076
KTAEHE9KFCMVVSBN,3967.859353
SNDE9HRW9ZVPG9A6,8256.348238
PCSE4A2ZBHGAVCDF,1234.364722
SHOE4UC3MJZF3VFJ,4563.948459
JWSE9CZDPATTCRX7,7838.032285
TOPE8YMASZEUXPRY,5379.064295
ACCE8WYMVWNXBBAH,3973.322923
JWSEBCY4HHXYGZJG,6056.598842
NKCEDFNHMTWNTVHA,2157.615335
TOPEHZNZ9YZYYAPU,3668.254338
RNGEDAK2HFRD72HE,5469.260391
SLIEGXZYZTTSZD9C,4168.49599
NKCEDCT9X6VHCF37,2905.231829
PTPEAT32YEZ7G4BB,4254.726468
CAGDU85YYWZHHNGT,3764.42836
BRAEGJFX7PSVECHP,5016.512497
BRAEBG4DCHJMRYZZ,7053.91067
RNGE864HQQUYJQHB,5401.146263
PCSEC86VHTYFJHUW,7176.528229
SHOEBYZGZ682N4K2,2705.022732
BRAEDX66GWPY6KJ9,5558.206972
TOPDXQWEF87REHYJ,5498.63339
NKCECZG4URZY9DZ5,3620.113286
TKPEH9F5BQTQAMSC,6057.081229
WATDZ5HGF5UXGZVG,9877.809412
BRAEBBYRYTEEDDA9,10899.9621
NKCEAFM7PNFKNZSH,3969.865706
TOPE3NVYKBXFRYSG,4844.780305
NKCECGVAMX6ZGEVH,2424.421497
DREEBAQ9YMYF2Y3N,4943.852521
MUGEACY8EVX5VAMD,4447.300626
CRTECN2QSZFWPZFY,3643.780719
WATEYAP3GD6VYR5U,8180.444227
RNCEGE7HZZRPMSRF,715.3557204
ACCDQDYBNKEVMMCU,6096.744456
PCSDY5AFFB4EXAX6,11876.16277
NKCE9G2BHRUF9TWB,4718.553335
BRAE8TFHZJ6A2FFZ,2292.321773
CSOE7JP6ZHUG9HZR,3364.176468
JEAEHYZMPCBH3HCZ,4004.866162
FABEAJUHKKTRCNQX,2979.692203
JEAEGFMQSBYX5M4A,7186.360731
NKCE9YFCMXP7QXRN,6312.738328
NKCE9TBYPBNJYZRS,327.6026466
ACCEDNXYRZWBPFDF,8547.028147
SHOEHXFAMFH3PDHY,3827.665568
PACEB2XUZJWEY8BH,4634.940597
NKCE6XU6USJZXSB8,11484.10001
SWSEHTRZKX3HZCMJ,4384.228883
PCSEC86V2Q6P7PAB,5198.641799
NKCE6GJ5GD7KR8KZ,476.7165496
CRTECN2QUAQVZREG,3201.927358
CPCEJCCPYGHSTWTF,5991.145863
NKCEBBEYX8NWRXHA,3803.659227
BRAEBBMQWK9K65UU,2098.226232
CPCEH2BTGUYS5XJB,4181.320586
WATE3FAXGFHMASYX,2968.151968
NKCEB98T6AZZCH8H,6403.829292
RNGE7M92NWJJEHDD,6480.733853
RNGE8URWFPRT4QZ3,7292.188508
DREEFFG5PA6AVFH9,5732.306713
DREEGNWGSHTUKCZM,7785.568239
LJGEJ3G6J6Y4UUH8,6063.748467
NKCECZFZNVGGSVBT,5410.687505
ACCEGZ6BDHTWARMS,455.3686044
TOPEDFACGQGAAAST,4162.616647
NKCDU4RZCR2FGCCU,3514.667545
SHIEBQF6VHTX2HYZ,5800.345502
PCSE9Q6VCVMWRAPN,425.6113524
PBXE9A6DECDDMJHH,901.0625496
SFFEG7FXSSCPUMFQ,576.0450636
NKCEDCT9Y2YDXE7H,5974.96003
NKCEBMDCG3PEZTHX,11804.65746
CAGE53FSJHRA3SKZ,4004.465986
SNDEE5FM7FEKDRKR,3859.828115
CRTECN2QWM2RYWZ6,2853.286397
CPCEJMKVMKTJ3WHM,5447.977292
RNGEDAPTVZZTHMY4,5758.141891
TWTEHH2BXEHVZD7E,4534.191216
SHOEGAJFAU2N5RUR,6205.469436
TROEJF3VVVJHAGBJ,6624.446551
BRAECKHYM8BYAKHR,6600.198439
NKCEBGJZEMQ4FK2F,2248.511546
SHIE93F2DYWFVQNG,2322.868711
ACCEAZCVJZFACTYS,1606.068061
CAGE4BQYUXBFXZVF,6803.190639
CPCEJMM7HWCNNGBR,4531.583661
NKCEAVZ3KGJFW6FS,11359.87177
CCVE3Q2TBZRQYZSZ,653.1686307
TFHECYGAREJ2ACWS,5201.643459
CRTECN2QTH5UTZFQ,1396.786335
NKCECXEAF6GMGJTF,6340.945621
CRTECN2RFMUGEFRZ,2553.506562
NKCE8HVPHGWPPMQJ,2879.837291
MDYEHDH9HMZPANGJ,10347.80573
NKCEBFWTSPVWSGXF,785.6709576
SKIEG49YYDQ2QDKM,12275.92368
NKCECZMAXJZH6XJY,8723.245661
WRSEGHG9XGHVRSJR,7372.520662
NKCE9G2BYZGJGASJ,3925.822195
HRCEGVM3ENRZXEPB,7722.516449
NKCEBGPNHGQFQWSU,4205.74514
NKCE9YFBD4MBHHWZ,6143.089275
CAGE4Y4FZ7H9JZTB,464.6400249
MUGEGZUNY75RZUNG,1725.946788
KRTE5RNER2AGFGCV,2329.564393
CDSEG6ANKKXHFEVX,867.8104579
SGLEGBV6ZYCNDR8F,5976.116641
CRTECN2QXZCWFWHR,3666.560763
ACCEAZCVWMCUN6MZ,1031.459321
KTAEHE9K8CQJMQCV,2858.674192
PBXEACG29J4ZFS5Y,3151.720509
PTLEHK3XF6HH8ENC,1135.127275
RTRD3849TERR75YB,294.2867285
BOTEEMN6NM57HSBU,2593.584987
PBXEB34ZWNXHWUGV,472.1993134
NKCE38HCHH7XVHZ7,795.2044319
WATECGG4W76YEBUB,4552.205119
KTAEGX2WM2MBUSHJ,5797.002567
CRTECN2QZZACHGYQ,2372.254977
RNGDVVYB6RGSAWRZ,4112.196087
TSHEHU5RKERGP5SG,4984.779155
MUGE8S9KB8DUER6P,4212.321039
BDGEGEGDXYHYAJQN,6452.26332
BRAEAZEFXGVCTJJN,7650.42808
ACCDQDYBZEQG6HPZ,8158.047929
CAGE6FYKT4NSENUS,4535.069592
LBXEHYZYWMMQA6HT,5901.751191
SHTEDWTVCEUBHNJN,8360.210299
RAQDCNWAGART9UVZ,3392.855324
SRTEGYXHGCTXUBD2,6819.853282
NKCDYRHGDS3PFHWZ,2087.490848
RNGE86J7FRTSQWCR,5921.648011
CRTEA7HARUAWC7VG,2705.664217
PCSE4SFFZWMNJCAG,14031.7474
KRTECQSNY3GFESAZ,1139.285151
CRTECN2QU6HG98UZ,3002.573412
CTPEGGFSTGPEZEUZ,5579.342427
BRAECKHXH8BU3HBY,7307.703864
BRAEE6YMMWFFJNB9,1083.594935
JUMEJB3YYZM5HSPR,590.4641378
SHODYGFWEWCG6S88,4159.886716
SNDEDKKXMX8ZGVQR,5830.874018
PTPEY6JZGMWZF8H3,5963.311085
TOPEH3KTNUUZHJEZ,3395.653998
VPAEHT6TNFR6FWTQ,965.8591981
CAGDUNH36EAX85G8,5249.243077
ACBECFGT5ZWMXAVZ,9133.388088
NKCE4CSZWA3EAF7G,536.786573
BRAE5RZ6UGSFD9HE,1075.716254
MUGEB7J7SPWJTRDC,1917.261934
PTPEFMKUTCGZB5G5,3064.605927
CAIEGP4YSZ4GNUV4,4337.520492
NKCDWBPZGZW7X3MH,5003.803168
SWSEH99SSMHCNFQ9,508.4110926
SPWEJ8JHFG9PTDUF,805.0101756
HMBE7G34Z5CGHWYV,1153.776825
CAGDTN27DEWJYUHK,834.9266633
SHOEYVXVYAVXACCW,3077.242157
MUGEACY8CDCZTUMD,3160.095604
ACCEJR2FXPFFX5H3,6047.92438
NKCE5MEFYG3PUGXK,2983.188193
ACCEGZ66Z3SSJEGS,969.1357283
OTYEHQ3FPHGKV36X,3897.763508
RNGEDAK8ZDN2J4FC,1339.15341
DREE74XGZFU3T8TH,3018.727201
CAGE6GQCCDSWABFT,3868.880384
SNDEDGBMM8UGED7W,2377.371837
NKCEDCT93M9UCFF4,4176.284347
BRAEBYMGFCDFCEJX,1044.175903
CRTECN2QTARWPXSU,4534.718124
PBXEDDEFV2FSNH4S,16971.53225
VESEGZRRFGMV9JRD,4896.670068
BBAEBSGBZHAAQNSZ,4581.287518
NKCEAFA9TT2YCXGF,695.4173113
ACCEGYP2U9GYXRBX,4097.710688
NKCEYUVRC28U5CEK,6472.133346
SHIE9HH3AFF2GXZD,4315.017715
NKCE73V3N6ZSSGKT,1124.320664
ETHEJG9FWZ7NZ3GK,6639.547027
CRTECN2QWA68UMF7,4640.200661
DRPEHYHKJX3VJS4H,4299.56744
NKCECFGDJGFGXYK3,370.2776716
KTAEHETWZZ5KEAT9,914.6568031
CAGEBTJBTZ9HK4AU,1080.334068
NKCECKHYH64EPAVZ,3704.51092
NKCE9PFFUGQPHF3C,8144.888385
BRAEDSGQVKFWUWVQ,8368.178505
ACCE8XZMD6J8HBY3,6523.028152
MUGEAGGKUQE2HYPZ,2345.281884
NKCE6GKJTFMH5P4N,3221.226416
NKCE9PFFZCSSMMYC,5166.478745
NKCE9G2BZYKFA4UQ,3290.271234
BRAE6ZCKBUYE9PTV,1988.073752
DREE4DF4AD9ZZHEX,1024.251436
NKCEAY3RNC2QTZXR,1514.359436
RTRDRDPR9JHCSBGH,6943.21411
PCSE4FKCZ23EPQFS,8022.54944
PBXEBJ4N3HJZ7R3G,2979.685986
LJGEJQ4MHZZTHGPQ,4142.301176
DRPEHYHGNAF5UYUQ,4604.993871
BRAECVGYZGZT5VU5,2177.552826
NKCE7MMGPQTPZZ4H,2607.019511
TOPEYZ3FCMTYGPVF,5549.524052
CAGDU85YG8UZE7MX,1938.0182
BRAE3TSHZWSBH2UD,4903.954849
RTRD6FYY7B26SHXC,558.083473
WATDGFAQCFCVSJPA,8355.122662
TSHEHU5RZMHH3AHV,5390.563721
HMBE7G33NPATJGH5,1088.792054
BRAE9RDQHWKAKP3V,7495.88724
BRAECTFYJJNYCY3X,7068.549583
PBXEC8ASYZ7YS7EZ,585.3167087
TOPE45NZKEMCDZXX,1492.606411
SHOE2FQCMD3TAYMF,3522.921436
BRAECZZTSHGQZXDB,3653.348433
NKCE9PFFKH97YNZH,4850.013955
NKCECGT3NM7QF8WE,7052.276237
CRTECYY4GWBEETBG,2623.483341
NKCEC8ANGCPBJRZ8,776.2311862
BRAE8JUGDZBU9VR7,7421.413725
NKCEBUPHRGF95VC7,1973.555645
CAGE68FFZ2ZWZVHQ,487.6536256
WATE2FAH5NM8VY5A,8982.84761
SHIEHXZEFKZK3FSS,733.0445522
BRAE6YVWZ6KH2ZBQ,2884.078389
NKCEF9GTBBTUSVTS,9048.966174
BRAE3TSHYRVTD8GA,5468.428857
TOPE4VR5DXAHVAG8,4287.969652
NKCE5YA94NVQ6TQ2,457.8192567
TWCEJFXHKFKVGPV7,6747.325301
SHOEAVPFUVHJJRHT,2468.445226
RAQDEHGUB5VZTC8H,3148.498807
SHIEBZB4D4GDYYRS,4245.233317
NKCDY44FCVDHFMHM,971.9515968
AIREFFFUHNZVZQVR,6362.899082
BRAECKHYRHKCKCKK,8056.979592
RTRDZBJ5GRMDUZ8H,694.1268704
RTREBTANEFURUPYE,6746.996655
NKCE7ZNGGKGZKEYG,409.7988908
NKCEAKKRNRCZZDV3,4975.877069
FABE92NVEAZSZ5ZP,4407.698108
NKCE9QTMY3BFZCQD,3044.001809
LJGE9TGN9YHYZEEF,4313.636412
WATDNJVHHKXKVRGF,1617.544694
CSPEF6X75KQDJNF2,2308.481265
NKCE4VA49YHSX6KW,8220.231733
POSEJUA75X5VGPAJ,7410.322452
PBXEA92SYTPCDYMB,518.9098248
NKCE3KVS9DFHXFPH,3788.206193
MUGEBFGY49MKHHRT,2918.718147
HACEGPF9FDKV3EPK,5463.813202
TUNE6BCYWTRKGGKA,8832.695979
PCSEB3FAUUWKEPEF,8270.791375
NKCDU4RZ2GGYUJGM,926.5298695
TOPE8N3AF8HQ4GYA,6023.712834
PBXEAFRYZSFHZ2CP,1053.398191
CAGE9ABAQS8WKHHY,489.6434626
CRTEJUA3CYHVYNHD,5998.451681
PCSE4V8GWTGYMVFY,6239.830495
VASEG3YYGEKHXWN6,3776.847401
JEAEGGED6PZQCGTQ,2115.754737
SNDECRS4R3DV9QXU,6726.103948
PBXDT4FTQGZGVCNC,2741.882396
BRAE6AV3ZZQHKDCN,7635.825506
CAGE8PKGBKNCYKJK,766.5543455
CSOE2V29ZTH5A3QU,3656.272037
BRAEAW9HSZNM5URR,1048.236686
BBAEGGYMPH6QYBFF,4162.106723
WATEHYVPGMHURTKG,3192.344903
PCSDY5AFGFAQNCY9,1311.615414
JCKEEAEZMGBEXQFK,5461.613044
WATEYAP3S3TD5EMR,9895.956716
SHIE8M9PWUF5H4SF,6980.652913
LPBEJGFEZNV23SVG,1826.189083
PTPDXN7BGMQBZUTA,2758.181945
PAEE7ZWAGCXEKY8B,7601.940795
CRTECN2QZHEJ6WJC,3350.593955
FABE92NVZGEQ4HY8,2273.59006
RNGEDAKEG2DV5Y5D,6312.949759
JEAEGEFMHBQGU5NF,2134.067455
NKCEAY3RKEPGNWWV,3677.385257
BRAECKHYUPMRFRTZ,866.2830753
PELEGTPGEMCWUGS8,3952.818921
LINEAVE2XKZNANN3,2930.542424
RTRDNGVMAKRQKH7Y,3128.997128
NKCEFG3D8UWFGKGE,2757.394776
CRTECN2QVUET9PQ8,3019.430663
JWSE346HBDCSUGR6,4794.155604
BRAEA2E7XHZHG2AG,1827.165741
PTPE2SSXSTFH6HYY,4850.702157
BLBEJR22ZT2WUKBZ,8787.060317
MUGEBFGFRPNWGQTD,1421.275191
PCSEDP3UF6EYPZZX,516.812414
ACCEGUY72CYWXAEW,4769.042371
MUGEACY8HGXBNPB7,4121.503849
NKCE5VAAU2Y7ZW2Q,805.3237461
NKCED53EQTZ6R4WQ,2892.634907
PCSDY5AFPWQBABVU,7931.442631
WTDEDGHHGDEPSSRR,17468.89796
SHOEHEP5EWSGZ7XA,3656.400815
RTRECEYMHGP3JXFV,10946.20081
PSUEJA2HRBPYHA6K,2512.577075
TSHEDF3HADCJKGWD,3920.87894
NKCECGT3BZDXZ3ZH,278.2832217
SNDE85CH2PN36BUZ,8259.146593
SHOEFVT74G5BYHDY,912.0748275
RTRDA4U7UE3Z7UMB,522.4540213
NKCED6EXGZZKTGD7,3293.793028
PCSEAHJCVPRUPVHX,2289.344827
NKCDZFFRZEEMHAFJ,3138.594629
CRTECN2QVVTNPXXN,1402.210838
NKCDSCF3HNMXRCF4,7475.120604
NKCE8JXSHFBBQDKY,3322.34618
SHOEF9G8CVWHRH5M,503.4977724
CAGE2MACSYZCWHFG,313.8008723
TSHEJT2R2XQJN8D7,6814.842527
PCSE6SJGQCXQGC6G,7550.228693
PLLEHQUGEB6D5FCX,4617.748864
RNGE7W8T7MYQQEFR,1313.160247
NKCE96SXDYMGSFBR,1153.398761
BRAE3TSHYGDRV2UC,1275.598478
FABEJX2NHNKCYHKA,558.3879434
BEMEGFHSMHZYNZB8,7421.204152
WCKE2TFF4ZYGXUMH,853.2614139
BRAEDZ9GVZHWZ5BG,8069.314661
RNGEH3F2FAPU3TAG,2182.386887
CRTECN2QTPZCMCQD,2366.158956
HACEJQ7HRGNBYCEH,4174.304854
CRTECN2QZMHEU2J3,7055.218466
DKOEAWE2SCYPC5AW,7882.229433
ARPEE3YX9Z4QGJ86,2357.401026
JCKEJNH2AZGKWGZC,4734.22153
BRFEFY5BN9VHU27H,1848.668081
BRAECKHZWAGBVZXH,2957.131255
NKCE9HF3TENMYXZY,3296.418114
PCSE4SFFJSWJZVH4,5520.336273
NKCEBHGBFEVC2ABB,5961.503907
MUGE7DUFEC3VUZMF,5686.155083
GRKEG4UVAZTGYWRB,3756.019056
TOPE4ZKTSBAEXGFR,3870.028174
PBXEAP3SWFZRHZ6G,758.0019026
NKCEB5BVMYFMHAQH,1572.634684
NKCE3HG8FDBHK5GX,3629.211678
SHIE8WYNYRHSFCRR,2715.523469
NKCDSCF3QD5EGFJ2,5374.677128
TKPEG27A7Z6JWK6Y,5901.389997
CAGEYFZW7F56GWZP,668.5365882
FCTEJXGUNGMHANE2,8058.086642
SHIECYFWJWCCHHQS,2491.916735
RTRD6FYYUQZJBY6F,4280.173073
PACEB2XNEBZTJZZG,2132.059174
SHOE2GUHSZRGGZYY,4860.15592
ACCED55XRZT9N2HH,887.9014558
TOPEGVHJECVFBRMF,4742.834077
DRPEHYHN3MYJDGGM,630.2188544
RNGDXNG3HGFQXGAH,950.4192303
SHIED9AKUTQZQ5ZK,3848.906265
CRTECN2QST3Z947Z,3875.39045
RNGDWKZMKNTUBPSF,3813.606704
DREEJY2NVHFG6GCB,2384.568606
SHTE37DQJWSQ4VGH,5672.165501
NKCE9ABEYD53HSVG,5211.198834
JEAEHUHKMA8EGUUU,1621.772712
SNDEHZPDGB2ZT8ZY,4154.344878
CLTEGMUMJTPY4RMG,5058.4534
BBAEGJFQZTGFHJHD,7105.6099
TOPEEERRTBB77BXA,5714.61574
NKCDWBPZQANZRF5M,3667.272059
PCSECV3FSSB22FGE,6318.656699
NKCE6WR3ZWHWKEPQ,2237.81314
MUGEAGGKQM37W42E,3792.104791
SGLEGBV4QFHTNHE2,5054.506963
LFHDQAZP4FHGGZEM,5984.159979
CLTEJQ8FTCZAEPNG,5569.827432
NKCE6XU6DAWYHWQP,932.8584824
TOPEBN32XAZ62CTR,3247.246838
NKCEANMPATURDMHV,774.159576
PCSE6X3YCSZEG67R,18433.41389
BRAE4DHZDPMTFZHC,7237.221082
HAREGG26GDJWFYMF,778.7858105
BRAE3TSHWZREUJAC,2119.927592
USGEJPQHZHYZQHBU,6042.16563
WSCEJTDHY9UHKP5K,9259.344252
SHKEGNS9TWHJAN6Q,4655.24855
SHIE3FHYRRQGFFXN,4312.674096
SCHE4YSTYDQBDYQF,3058.083131
SHIEFFFPDETWTWZR,3136.766
ACCEAZCVPTGEGVMR,8197.763262
SGLEGBV7VGZM7BFR,12737.42075
CAGE7BZ56MVQGKAB,2035.873984
NKCECG6ZH5MJT4B9,2633.128119
RTRDZBJ5FZSU4AYZ,4398.813472
TROEG3VYGVSB9F5H,4335.140472
SHOEHXFAM2NDZBHW,3639.005779
BRAEBBMQY9VZRC7G,6944.289667
PYJEH93NGYCXNNFK,534.3555311
SHIE6ZSBHCNYY2CP,3399.451066
TSHE4DNGUCMVXYUH,8905.287645
CLTEHE9FD2APDRWQ,4428.837402
SHOE6ZVUSR95HF6P,7843.478203
SHIEGPXGZTK5B3GT,5871.890909
CAGE2XC2HFSSQNSM,2438.688771
SHOE2ZNGUCA4DHHP,656.4311941
CRTECN2QXHEYVVTX,2385.64147
CAGDSNMD7GV2GYMH,1243.605937
SHIEC8ATXGYEJ4GD,4095.717688
CRTECN2QYASYFKGS,2597.968429
CRTEA7HAHHCSHCEM,5166.381428
WATEA2H8FTBKZGGG,20848.34759
TOPE7T4YMXRK5BVG,668.7238608
NKCEAKKRTHT8RNC8,3534.399263
NKCE9HF37STYM5KA,4425.370781
SNDEG6GXFS5RYFGK,9995.262573
ACCEGZ65AEVGSGZ7,671.4068731
SRTEH2FVVKRBAXHB,619.5765191
NKCE5QSZ6FQSNBDF,2889.533138
SWIEHF3EF5PZAZUY,3412.697486
RNCEGBGW9PYRXNZY,5865.731156
BRAEDSHQ6X5YYX6N,3067.158294
SNDEHZHVMR3XPBST,4233.221577
ACCDX8ZVV2RCNYCY,1193.569584
SKIE83ADUJ28U8ET,1273.264655
ACCEJ6TEHCH7MCQ3,4177.523878
CBKEJ3ANRFJUM4TM,4497.242318
RNGEDAKBVC9TKFHZ,6263.561443
MUGEACY82GPXUBAC,2645.881289
RTRE4VNCJZ3UPGQZ,3396.75886
MATE49ATDVVEEEAN,5614.033289
NKCEAVZ3EDVJNXMT,267.3380085
PCSEBXFVZSYJKRCS,8657.301341
TSHEBSF9NBDWJXZW,1254.640502
CRTEA7HAQQCGTPFU,3673.57488
CAGE3FX7HWMQAPCG,313.8806493
NKCE9PFF3WZAZZXG,301.5858795
RNGE3YSW9ZUZWYQA,9850.796341
PBXECWKZHWRCZZPJ,1776.406607
ACCDXFA5QFCZZ4WZ,6544.82675
NKCECYNZGHYQEFHY,4136.174695
WATEBYZGCFGUP9HG,890.4061065
PELEGPF7UHM3WUE8,6103.539365
MUGE9HRRWZBDVHZ6,2936.493803
PELEG5CSGWYFCFNQ,640.4511313
PBXEBQGMBP2VJTSQ,2232.809461
PTPE4JYTPVYZ8ADY,5934.366095
SHIE9J6PYVBW5ATG,2772.632169
ACCE5UKY6UXGVT9P,2676.220709
CRTECYY4DCRARYG9,2758.907654
SNDE8VY9K2JGMJJZ,7364.758194
CAGE225HGFQ4VSSK,6474.818709
SHIE7PD3EF2NCGBY,4230.128801
BOTEHZDGPGFHVQWJ,5376.679195
NKCE7MMGJSVN3J2W,4789.328821
ACBECFGTRZCFBJZJ,6092.183
WATECYMJPRYH8D3E,5045.400027
DREECDCRPFKFH6EH,5081.787081
CRTECN2QVZFZWKQS,3969.407675
CTTEH9FTTMQQHD9V,769.3150845
TSHEE4WNPAZGNG97,682.7851293
CRTECN2QVS6GJZHS,4452.654713
SHOEHYEXVYZRGMGJ,4348.029167
SHIE9FMPQBGXGTTH,3837.029025
CRTECN2QXRVZAMUH,655.2205536
MNKDZKF6WYMMF2M5,3631.536697
RTRE63NMMRZ8MUJT,1138.682874
NKCEA8US7TNGUJPE,795.583192
CPLEHB7C7QYBDMTV,786.9605132
NKCEANMPCSWGRBH5,10079.88303
NKCE8NDJ76XBRZ2H,1761.314327
LJGE9YJHTJZCQ5VP,194.7775129
JUMEHGYX4SXZB5K4,5882.89825
TOPE7QTUPGHXCBGZ,6447.801983
JEAEGE5F2DTDJKCZ,3077.368816
ACBEAWCZBU7RZGGJ,3660.667659
PBXEACG2NG3RZZAF,578.3192316
PCSECYY4ZSXXVKFD,8294.277314
SHIEBBWHC4YGH5GY,13560.38832
NKCED7FPT2YG2GGS,3791.009199
BRAE9C3HQTDHK7HA,3044.432657
SHIE7ZWAT8HEHBZX,5920.088665
WATE8H957FY57WCH,1385.451985
TOPEHZNPUWSFVHKM,553.2058818
ACCE7B8NZXHA5ZV9,7437.738842
CRTECN2QVBDPEQQ2,5416.555979
HACEGPF9EMXPSEJU,903.2998474
CAGED4CHGZGWRKEB,581.7194769
SOCEGHM6JKRDJY33,9002.613341
BRAE6ZCHDGWRDHCW,348.8403884
MUGEAGGKFYCFTBUJ,4504.570487
NKCE7MMGKZPBQQS2,4294.183527
PBXEBQGMSHJDXHKW,3555.233024
WADECHFGPKW3DHDX,4179.256244
SHOEG7NXNBF9PPJV,7343.154238
SRTEH2FVUHAAVH9X,454.5185598
WATEYAP3WGHZZ3FA,1513.602936
DREEAM8QTHGSDYJV,3839.986834
PBXEA4F5VFXHSCY8,756.1857188
SHIECYFWYYZHU6NR,1482.944034
DRPEHYHJQNGXBZNU,3583.592729
MNKE75M6XXECTDK6,2116.272754
WATE9ZYZRREUHQN4,4380.35231
WCKEGM8FGU9ZT8QG,1072.912676
NKCE9PFF3GCQYWHR,840.5883738
BRAE9Y5V963WTTNW,8366.849391
CRTECN2QWTEBGJAJ,4309.90511
PBXE4RB3HNFDXGGN,3312.533672
PACDZTD7YB2EUMYE,496.2425563
KRTEJNFUHUUXGPZT,5253.146846
RNGE87FCDRS5ZFGG,4855.838328
NKCE5H4XW2PH6KFH,8472.980915
CAGE44J5NGQHXMHF,9137.816673
BRAE3TSHZRMGEHDM,4089.732843
NKCEANMPKCEZADTJ,3989.88993
LJGEJPFEVY9GXNGG,6886.671359
BRAEDSGQVSTGKAYQ,974.577999
HMBEJCMHXNY6SVVY,2621.242693
TOPEYQHGTHDHSJNM,3862.393524
TOPED9T33BGVTQZS,5763.030796
WATECDB6HPXBVXCF,4516.597042
BRAECPQ5HFH5NFAK,823.2114845
ACCEGKXQ8XFPHC9T,4614.704519
CNDEGP52ABJZHGZY,1229.031209
NKCDU4RZXFGBQBBP,3957.890957
NKCDU4RZYKVHDKUB,6428.269118
SUDEGGB3JXAEBFYW,1639.030994
BHGEGTATDSHFENHT,5039.843726
CRTECN2QWSVZAX9V,904.1242977
BHGEGTAVWRZQTU6T,737.7433256
MUGE5HG8FG7YJHMD,988.7895649
TWCEJFXHMSCXWE9J,6777.061951
TOPE8ZAFZZ6YMGFY,4872.67195
ACCDSY8EGJPW7RJB,955.6235932
SHIE6ZSBHDEBFCGM,3715.538924
PBXEDDEFTWAW3HCU,475.0932719
RNGE87FCDWVPDTKV,3500.221454
NKCDWBPZVFY7H9UY,3027.165974
PCSEE4H5CYRKNRZR,627.324021
CCVEFX3Y9DFJVJUU,4090.429742
DREEFJ44EBBUEKKY,6752.304162
TSHEJUCY9HGZMKHJ,5484.340867
CRTEHSSCUCMVN7SP,3790.248333
ACCEGZ5PGHCDZTNY,3751.024007
KRTEC89PH6PVAQDT,1587.836624
ACBECFGTGENHAGDR,630.3879096
CRTECN2QUSZGGH6Q,5071.022738
SHIE45Q6SJGSMHTN,3683.863206
VANE3KUFNUEGQNKH,6505.239886
MUGEBFGFM83MRVN7,2309.022027
PCSE6SJGYMZB6CHV,14982.68514
BRFEGHPHWBTHAX2X,12143.66283
TOPEB7BFCW7YG7KG,7177.416448
MUGEAGGKJM5GUWQH,5801.55042
NKCEBFWTSMKDQZMR,587.4292375
WCKEGGN2J66F3KAF,5601.338853
NKCE49ATTPYAPNWB,6363.447889
BBAEJKEC2HXUHKQE,3833.842645
BEOEH25NTUDGG5TT,1080.428872
NKCEBUG2XMBRJDGV,579.285248
MUGECEVFKZHBDRWM,3662.412589
CRTECN2QX6RSYSRG,914.63641
SHOEH4GRSUBJGZXE,1126.357119
NKCEAGXHHAAGNS2H,4627.083487
ACCE3YFFWB4HHHG2,2968.168305
SHIE6ZSBWSCTKVTQ,2461.428799
BRAEAQMANF5GRRDB,8744.873372
BDSE7WQ37UVSX7SK,4021.682767
CRTECN2QUT9HQH2T,544.5692375
PAEEAMGFVDHGDRG5,13068.51996
NKCE5W33KFFZDSDY,3858.11734
RTRDRJF8GJ5AFZTG,2794.482168
WATDA5ZAXAP2VTGQ,12653.86804
MUGE8NZC8ZHZPNFF,3212.73098
AIREGYYZRAPHRFGD,7255.476443
PBXE68H4HF9ZZWAB,11344.72925
SNDDXFQHUDJDHZG2,5581.067954
PCSE4VAVWZZECB84,8491.918322
CRTECN2QVCCD9PHT,2922.217126
NKCEAGXHSCG9YHAY,3221.981824
NKCEBYWTBUEBCND5,4883.654231
NKCEBVFYZHDYZGHD,4349.837627
SBGEGE6TNPUX8STE,809.9164713
TOPEFCVHACWGSVHY,5143.663416
SHIE8QE6RMNSGPAU,3321.3576
TOPE5F53Z6W4V2CP,3338.906897
BLAEE6KTGFDV8NGP,8242.53309
TOPE89H8PCWMHBCP,5735.522843
NKCE9ZWYZAEAGVAK,4422.383206
DRPEF2XSFBAP4SUZ,5261.464426
NKCDYHF8ZEK8ZM58,3516.773737
SHOEGRUNZPJDGG2Y,4593.120939
JEAEGFMZ7SGJWBR5,5578.976534
BAREGGF8JSE3HTF9,4956.377128
SHIECJ45TFDT4EPB,2808.929741
CRTECN2QXUBGMWSE,3284.720449
ACCDVPGKY3GBDB5P,6414.526831
CHGEJCWFY4HFYVZ8,1329.129277
NKCE9YX2HGNZSZRV,12159.9316
DREECJD8CZDDUJNU,4212.092051
PCSEC86VEBNYKRB5,9837.317639
NKCE93H2ZTHJGFVS,2792.614272
SHIE5HBGDYSHVA5R,2442.314245
DREEDVHXDYJCAEBP,11490.67953
VLBEGFFEMY8ZFEMJ,510.2529556
HCSEHGV96WXQCBN9,5041.373212
NKCE64Z489PQN4U4,3661.293145
NKCDYQ3RPPERYA9W,4795.210873
NKCDYRHGP2UFXMT7,3342.040915
HFCEGNQBS8P8EDHZ,5468.414854
SRTEGWKHXHCF2TME,7031.694945
SOCEJPT5ZR5ADJA5,8436.870788
BRAECFAREVYWQSQG,961.5273827
SNDEDTCXWCGDH2HA,5809.533435
GLSEHPS7UYJVYUTR,1025.100201
BRAEBBMQWBGB5ZFQ,2178.893411
PELEG5CSGASSHHBK,838.0424284
ARPEE3YXEPFNJGUZ,7188.151339
RNGEDAK7ZDCDHUZF,12328.47381
SFFEGG74CMKFQVHF,3419.589392
NKCDTAXFQMHPMUTQ,8033.463504
CAGE9ABB78YZUHEQ,8720.190952
NKCDYQ3RCVCSYD2E,3111.170049
BRAEBUHYHEYKZKHK,7151.349106
WATEBMY8HWCHMZZ5,4545.704887
SHOEBYWT3QBBAVXJ,5293.146357
TOPEFGG8TJGJ7QDT,5194.602123
VANE3YXDHDRWR9FU,7133.921259
ACCEGKFHHFX5B8HJ,3598.439441
RNGEDAPSZFBHAGJY,4813.784321
LJGEHFBTFDGHGGWD,3323.926232
NKCDRDWAZU9ZJNHZ,4386.606396
CTTEH9FWFHGR9EPK,996.204639
BRAEBXRBH28AMHPF,8071.414488
NKCE7MMGPQRJ3PEH,2860.542177
BRAEB9SJUP6T68FB,3305.309047
MUGEAYHPFEWRVJH6,2305.439898
NKCED6EXRYZV74VY,638.6573981
POXEHPSHDKBCTWCF,5265.789014
SWDEJWDGXNYEXPXF,2607.73452
PBXEAP3SVFJRZJK2,3955.637304
NKCEBP8AQZGMMWT9,5106.425319
ACCDXH5JGXMTZFTZ,7221.022884
CRTECN2QZUD25VFN,1782.974664
BBAEC897YCBZPV8H,7079.511418
PENEGGTYTYGDHXQK,5019.531646
NKCDW898UNJX5BWE,4743.580979
NKCE8ZJ2643HGFYQ,5885.219523
PWTEB7H2E4KCYUE3,602.0414324
KLSEGTBQ6PSU8NTG,9100.826392
TOPE7QTUDHZZZHVS,3680.996755
ACCEGZ6BY4ZPBWWV,761.3892247
NKCEYUVR3MHTVGGJ,11025.35392
NKCEB2S9CGCM3CCQ,3679.563465
NKCEGGEKZXHG2ZGN,6220.037517
CRGE9667SJM3Z4PH,1040.140149
LBXEHH5WRYQQGNSM,5391.432667
ACCEGKFHRM4ZGYZP,644.9592489
BRAE4VPRPHT9SYZZ,1444.609686
SHOEBDTHZDHFPHHG,5320.29635
SNDEJGYFP2AT3FMH,880.7948257
CAGDW63HG5JBCVGA,556.4050576
TOPEBBGNQEVQZ2W6,4334.694825
TUNE6VK2GCBPBYFW,968.8008584
CLTEGMUMNQXUEHHX,6616.87108
PTPECA2QYCZH8MBV,3187.877465
CAGEBTJCMAJG7NW3,2373.480883
SHOEDHHSRF6FMWGA,2262.81735
NKCE9Q93AZYXVKYN,6912.012823
PCSE2ZMUZH9PARZZ,918.9040428
NKCE7MBRM6JAPEAX,663.1047273
CAGEBTGEHMQUS8NH,7054.027979
MUGEBFGFRUMZGKNN,2494.232736
CRTECN2QVZZS3FER,2181.812554
WATDJTR93NB8HHQC,7151.982849
ACCEGSAZPGAHTHNH,4579.412553
NKCE73KHF8KTYMRQ,3805.339599
TSHEHU5RW2VDGFKZ,5708.169047
CRTECN2QUHGUJNDZ,3742.748108
RTRDNY65WHG9FHTS,8489.639679
SUDEGGB473ACY9MF,455.6359552
SHOEG7NWGF93MFVT,4850.468695
SGLEJJ6HEU8GVW4W,873.0098323
MNKE5YG7USVVTPCZ,2445.228239
LNGEBDTBGWTXTYWT,4613.578254
SHOE652MJRRMFBEF,2046.304016
NKCE87C3C9QYYBTM,5097.57829
CRTECN2QVJBRMHRN,3109.877818
NKCECPQAERMCV6YM,1165.535053
SCHE82QGQ2XPDCYM,4163.684564
TOPE8ZAFY82P7AGT,887.1895314
RTRD4KY4UNGYCZFG,7685.137246
TOPECRP5KCUZWYGA,3511.938101
NKCEBFWTHMVVNRDP,549.1871797
CRTEA7HA7X3CW7YQ,3737.045228
NKCDXHWZHPXRF28E,3235.455816
TPYEGGGZHDFZWZ2X,1355.646783
ACCEAZCV9DGDZDDD,7851.214029
CAGE7DUYEYWSYGBY,820.1196741
SLBEG68TKWYVGNKT,6692.622005
NKCE7MMGWBZPZJSZ,2448.716384
NKCDXHWZGDPDJG7X,3991.947705
CAGE8XYYGMRKRRCH,7701.703573
PBXE9FEBPXAKEYAP,10021.11637
CRTECN2QZVH3J8PV,3903.346254
SHIEC8ATMHEWET32,3214.780573
RLRDY36SXZNHEQWA,6116.830783
CRTECN2QVP7WKETJ,2374.936921
NKCDSCF3PH6MPP5N,2747.63033
BRAE5PKZ8QXFHWGK,1923.139877
NKCDZHF7TKGY8BAX,3394.818861
BRAEA8YRRGJJWVHB,1989.550276
CAGED3YQSJXNZRJF,4275.030185
CRTECN2QZH9J6EHK,3271.328038
PBXEAT5YASJRMNG7,1384.778855
SNDEDGAFFSHFKZN2,9945.56148
BRAEBXRBYGYKC76H,7695.921642
VANEB97UCYGMNHRY,6804.623
CAGE9ABAPMTWEJGH,5491.9997
TOPE8E8NJXHZ4S9N,4117.627497
SKIECYAEGGB8EPWU,5899.734256
ACCEGKFFSRRVD7Y8,965.5934089
NKCEYGTG8H79NJYY,6420.383311
NKCE5V95W2BFNBCZ,2843.843487
TSHEHU5RTMMTFVFG,5765.478609
NKCED6EYRDRJKTPC,11833.91397
SHVEGZUHGVYZBRW8,10581.87016
NKCEA5FHSF4NWKBT,231.3685533
ETHEGMHHGGCXMSYA,1
MUGEACY8U2HXTXZ3,3745.339145
SHOEC8QG3CV6YYDJ,4558.998945
BRAEBUHTPZGHB6HG,7447.041258
CRTECN2RV7NHG8XK,4362.81991
TOPEFGG8FEQUZSMS,5099.482197
TROEGZMRNERWAHEB,982.0919693
SHTE7FR4YZZ77Z9Q,6158.878479
BRAEDZA3KZVHZZHZ,1969.251717
CAGE8X8XGZGQGWVN,4310.191706
VPAEHPYYFKG4NG39,4056.759732
PTPEFJHG6SUSBPG8,5059.730579
PTSEDAZU69CBFF2M,4997.828713
BLAEFNHBFWEXG6YM,5778.167521
HIFEB7J3RCFHZ5DB,6645.034278
BRAE3TSHZWH8YWED,2691.717288
NKCEANB7H8P6QY4K,2003.988746
CRTEB774Q8HJYPMB,4591.34346
PCSDYQEVGFZSGRQJ,1092.067724
BBAEJKECZ2ZNAUZQ,2029.395096
BRAE6HUHPGFHGEER,4540.328964
NKCEFMZUGH4NG7F6,2737.646285
PCSEE4H5ZCFWZZRZ,2070.151787
BRAEB96BZWFCDVY3,9327.81505
SNDE95MFPFPJ66M6,3216.928468
KRTE9JEZ28H4ZWM4,1290.263026
CRTECN2QUTVCTHHS,5125.726002
CRTEJUA36GHKGQEY,2697.66724
SUDEHYGUMVVYKJCW,4752.655652
WATDUNJ7YKMGG9RZ,5662.880665
DIAEJUCEZNKKK4FK,2800.216388
SHIEBZB49VZZQRKK,3913.64586
TOPEAZ88AGF3KJHS,1348.943586
DREECR3HFXYFPHD4,3619.494852
NKCE8SESAZ4K8HZC,3997.229674
SNDEE5FMQ5YQAKMZ,5511.13041
RTRE9N5GJGJ2GMRV,760.9713451
WATEBNXNMQQQFSQG,4386.306865
SNDE3E6YB6AZJDGC,15164.73381
SWTEAW3STNNJSKNP,11367.50536
NKCE7AGZQB7Z7UFM,2786.597403
WATE7VE2MFQWBF4H,688.7622058
PCSEDCWJBHDR9EYU,1009.132619
WATDZ2ZQHSAYJPWK,9275.08508
DREECJV2GVFHGQB7,6836.811451
ACBECFGTZHFZ64PN,6337.957078
BRAE3P8YHGJF5WUZ,3016.941962
DREEDVHXSAAZSBTZ,2395.723485
ACBEB3489M4NQZBD,4922.21907
EMSEDSHQ3VU6T8Y2,3564.583162
SUDEGGATDVCMWGGH,4614.276999
PBXEBESSDYBYUGXT,8474.488771
ACCEDFVFVMKXJGGG,6032.052926
BRAE3UG9P8GJXZ2X,3271.067756
SHOEJUQFQURGGFY4,1215.628302
SHIEJYHMR7DUKT8W,3177.479283
SUDEGGATJKZYUZUP,2388.17905
RTRDZBJ5VAZG7VGC,7294.967247
RNGEDAKBZPHKHGCQ,6459.068523
BLAEEH2ZJ3G9DA7G,6315.950216
SHIEB468NVUG5HMP,7464.84865
BRAE3TSHZQDVSGYY,5207.311132
PBXEAFTPFDK6BRHK,827.5865358
TKPEFT4AD3ZQZZHN,6787.580218
ACCEGYP259YXZJ4H,2362.692357
RTRE3KKXMVHMRQ6C,549.222274
NKCDXYFHHPBSYJDZ,4035.800695
SHIECASQHFWX59GJ,3388.778302
TOPEGQKDATUDJTAG,5907.071939
BRAECBDFZAEZYD2Y,1027.970209
WATE4S5RZ8P5JZHZ,11256.13806
CPIEJHF6GZEM7SPY,6285.125468
CRTECN2QVMFZFNGC,2942.201822
SNDEGGRYTVYGPR6F,2606.100843
RNGEBPU7PG8W88TV,10078.17524
HMBEDCJHT4FCFKGD,7833.755206
NKCEC87S2ZAZBYAR,3043.498388
NKCEC88C4GV4UFN3,5345.664613
SNDEA42M6GZNV7M3,7002.013119
SGLEGBV8BENMFZGH,1600.735148
RNGE7M92PHFGGBUJ,1050.185082
BRAE3CYXV4JGWEDA,1427.085149
CBREGYBXZKY5VKSK,755.7212039
CBKEJ3AN6GEACKYR,9654.699397
TOPEBR5GNG9MACAD,4490.854681
FABE78FYGHF22FNE,6816.081079
ACCDX8ZWQFTTGZYK,11058.14112
KRTE39Q4GVHFHWZV,5712.131491
ACCEGGBTG3HMNHNA,3736.272779
RNGEGMMBCJGQGGEF,10264.70793
BRAECTFYVHHKMV9H,6495.25964
NKCDU4RZRCYAZHY7,3680.690167
BRAECFARHCG7P8WT,4753.957567
BRAE3TSHZ2XFSNUT,2906.253283
JEAEFYQHSR7BWPG9,1277.755934
WATE3HFNMGVTZEDS,1544.209809
SCHE3Z7Q3TSVYMRP,4752.857474
DIAEJUCFHWGHUQFP,2906.851435
NKCEASN6TXJGHZUE,5895.291007
WATEYAP2ZFEV2JKG,5106.475213
AVCEJCHCDNFTHSQC,5321.605309
FABE88MH3NGH8MUD,3474.607042
PCSDY5AHFNSPGSV8,4307.208998
BRAE785RYFT8WTHK,7236.213614
PANEJQ5YHAHQYD4F,3812.874392
NKCED6GHCAHTHNCZ,9727.824468
ACCDVDC8S5JWEE6X,5887.391353
RNGEDAK9YXVZV6G9,5208.079046
ACCEGG9V98NCXGPE,4842.2531
ACCEGH6RNERXNQHW,485.5420088
BRAEGP6SFGYKNNCD,6571.707249
RNGEBQZQGQVJZEHC,5469.578844
NKCE9G2BGNV9RDXG,3413.032725
TOPEYP876AAGE9NC,3489.96646
RNGDTBQTBEMPDBMB,5216.032327
PCSEC86VVTQJN5AQ,7228.984541
NKCECZG4EYKY7XEH,2661.926681
PBXE5YGWHMS88ZBW,3283.963999
NKCEDCT9CFG3HCAQ,1745.126722
NKCE3Y5PDN4U66HC,6776.642163
NKCEANMPKCDG8DRP,9440.726342
RTREFDXTZ4GGGAEX,3136.685522
NKCE5WSJTFZWUWBV,5079.309283
NKCEB3GZSB8GTXCT,3882.303875
NKCEA5FHBGJ9JPFY,393.0668679
PCSEAN2WCFR4FXVB,1137.224289
MUGEAGGKYWKB6YGX,3892.343242
RNGE7M92HHHRXZKG,9306.900186
BRAE8TFMPNB5GSF5,2150.384213
NKCEAFDAZGYPTKGF,7679.827674
TROEGZQHT4UCZVKV,4555.391993
PACE5P38T4FEUHZC,2473.470034
NKCE8E6YSG2KQEGD,3182.363838
CAGE8PKGGGHUXMEN,375.0981059
PBXEBJ4NUDH3PXZY,12047.641
NKCEA5FH8FXQKFAG,4047.678678
VLBEGZ7SZTDCNGTE,11403.95849
NKCECZG4HNVBZRYY,1157.327759
NKCE9PFF5XE5AJYU,688.9165982
TOPECB4EZYHC6C3B,3141.455656
TOPEBW2YNZX56YAK,5283.234213
PCSEAKVBT8SMGNXV,1233.189279
MDYEJF57MVYHRCUN,5901.043082
FABE7B2FGV9CDFZH,613.9337344
NKCE89MSGZ7NVZ7D,3697.520337
DRPEHYHH78DZHUZG,656.259429
NKCEDCT9HMYQSMGV,3276.809126
NKCE7H5KZTH3V6AF,4122.409336
NKCE2W3WYHE8SCJD,5604.543133
NKCE9PNY6Z8VKAQY,6532.094197
FABEAJUHWGPHZUGU,7312.326401
SWSEBS2UXYZBSY2Y,4855.905116
PCSEC86VA2HGZGXW,5593.178451
BRAE9Z5TFXB7466Z,382.8038793
LSKE99UKDTDN7HBM,9079.528135
NKCEBHGB3FZSR5RH,9275.347901
TOPEHZNTFAHEZMQA,674.0001607
PCSEAYRTZYDSPGMB,7389.758613
SUDEGGAUR7EGNEQ6,7713.453162
TSHEB72FPCF54KZU,6613.813977
SHTEJGESKVEMGRYR,814.7380491
SHOE2NKQ4NXGAMYX,3494.339435
BRAE3TSHUSSFTGHN,7596.888115
NKCEAHPFWCZQQBAG,3523.084178
BRFEHTTQHPRGKZZY,5364.400796
BRAE2NF6XZZJ6EXG,3092.633555
NKCEYUVRNDSCECZR,2962.753249
PBXE84AFK5C9NMYV,4636.803377
SUDEGVG4VNMYZWXT,3199.870486
NKCE5W339WJ23R7Z,3060.709692
CRTECN2QUBGAGPCK,5913.9582
BRAEGG4P8HYHRAC9,4192.870169
SWTED625BMZKJXHP,3391.242177
BRAEB9SJZKCAY5SY,3537.277847
WATE8E8PCQJAQNAP,9307.602974
MUGECJZ2AHNZ2JHS,4074.224845
PTPEFJHGGFH7GA3Q,3943.49764
SHOEH76627H5HRHM,4793.417423
CAGE9ABA6MTKHCNM,636.1342692
CAGE5NGBUYYEVZ8S,743.6147625
TOPEGH27GZK5XG7P,11933.05937
JEAEGFMNENQ9G6AN,1375.014375
MUGEBFGFYPNW7GQ8,2048.716171
NKCECYNZGPXQ6HR6,3939.628507
RTRDB8GKEGG5E3XG,3006.819167
NKCED6HQP5QHVGGP,915.9688603
PBXEBWY3QC5WCPHS,294.8153268
NKCEY8KWTM9HZKDJ,6969.464808
ACCDX8ZUCDGVWWWB,5518.945899
CRGEB5MNWY2XSW7T,6388.535009
PTPEJPZSEFCE3CZW,4908.132422
RTRDMTEPFH3EVUM6,390.2107917
SHOECQQFYNSCRFBR,2812.52208
PBXEBQGHT5PYSDHM,669.3021584
SRTEH2FF9KEDEFGF,3765.927677
TOPE75N4JHUJCF2H,9177.116142
VAFEHQZYGH5HRJJP,697.1913661
BRAE3SGZXAPZKGDK,1930.278929
SWDEJXHARNREQZVK,5877.533768
SGLEGBV5ANNWWFZX,9216.503706
SHIE7BZ9CHKNXZJU,605.6208697
BRAEE3RMMRRFQ9AD,2970.589018
MUGEAGGKYSMHGRMH,2288.850472
MUGEB3GZ4ZYHF24Z,2240.432896
CRGEYZ5FGRTYJUT6,6245.958069
TOPEGHZ7ARZWUVFS,2059.022962
CAGE8PKGXDZFUTHH,3055.682315
ACCEDTNRXHXZKH4G,5312.933946
CRTECN2QZWHEJRGA,6318.290024
PCSEBZQ5GMBXZFCF,1425.368768
MUGECEVF7HGA3QMQ,3807.494725
NKCE6ADEUEPXCHHK,2617.397323
BRAEBBYRZKNYWP6G,2102.239518
BBAEGGDE8QWHDEYB,4281.55375
HOKE6KZCEZJFHQMY,4918.149671
BRAEBBYRXQSD8NZX,2521.610555
NKCEBF56FWWZ35HR,6839.079883
MUGE5HG8VVGMBN5M,3091.630322
BRAE5VA9GBGW7M7K,913.9581412
CAGE7TVZ8PH9GJQU,10012.87272
CAGE9ABATUHJ8G4X,10454.78707
MUGECEVF4WG8JSZ9,3028.153415
PCSE4V8HRKQH5A5V,8815.879755
NKCE4VA4FAZ7FTFM,306.1823966
BRAE3TSHPTKBVBHK,6574.1632
ACCEGYP2FYTWVKUB,1818.066775
CRTECN2QYKPMZGNZ,2741.492971
NKCDXEGW7APJ97YS,4200.55768
NKCE9ZVGJQNZWRN4,2364.525148
HAREGG26DYDGEYRH,4877.219081
DRPEEZNFGG9J9KAV,1136.127506
MUGEACY8EWA937QD,3922.378961
NKCEA5FHZSG4SVZP,4152.155576
TSHEHU5RPEPPZW2R,6261.622225
TSHEGF9S8MT2MVYV,3198.086717
SUDEGGB4ES3XZCKP,1031.891946
SHODPH4GEYW54KMT,6027.233327
TSHE4F2GSWVGKG4D,6373.406478
SHTEAGGFBZGZMFCF,4818.840759
RNGEH8WN5KNHEFWJ,4335.626348
RNGE9HDPGG8ZHUJZ,4164.076334
PBXE9EJKVEFQQTJH,5292.335573
NKCE4PZ6EPR4AKZY,521.9840119
TOPEHTU46JAHMV33,4818.358616
NKCEBFWTYSW72YJK,2055.2435
RTRDY9NVKBBNGYMU,292.287418
CAGE3GFTKFNDSUJY,7598.711207
DREEAEB8XNSACHQB,4961.710761
BZREBXM8H66HR9CX,4039.024687
RNGEGMMBHHARCJ6H,1957.755072
SHIE3QDHFYNWATPT,7738.222127
MUGEBFGFYQPGRQ7Z,3624.517997
RNGDTBQURWKKGMZZ,4204.453336
AIREBA9VGER68DFH,8558.413538
SHIEB7957MQBWGV3,4064.813416
BKPEGXYVX4CG7UWX,5930.670961
ACCEGZ6BBHDP23K8,4748.404998
CAGEBPNU8TKUG6NM,2108.725015
NKCE92XFXH9HH8BT,8402.783564
NKCE9GR9GFMQ9TNZ,5018.666202
TKPEGM48GGD2QKZN,633.4206166
BRAEBP5JJA24D2YS,6235.851941
CAGE6FYKDHFFNFHG,7323.294242
NKCE9PFFKZWGCJMV,2211.865168
NKCEC87RGJPXNK7P,429.7074585
SHODUMFYWHFYZRPY,4578.162594
BRAE7DNYSXZSXG9S,7.350155965
SGLEJJ7HNYDPKZ5P,4988.811825
TSHEGMWZYCTCDAAZ,7253.811981
PANEJQ54895A7GHS,9997.671181
BRAED6C5RRZJBRNP,7203.160262
PCSE4FKCGZNGNHFN,5373.793822
NKCDRDWANFDGXSSK,689.9738162
MUGE9P6DPPNA4TUS,4124.340873
CRTECN2QZ7DHY6GV,3237.013497
BRAE6FMZTRTKVXU6,1433.923067
LEAE8UKZFQRUTMAG,3327.022814
SHOEAPCYWEAFSFU5,4385.077781
SNDE5TY3KAETEZVX,8437.499337
PBXEAFTPXKDJHHYN,3109.430583
TOPEGWURCXSZMQ6H,2976.620388
NKCE9Q93NGS45HGG,7437.300451
SNDEAYZZWRXJSFWH,7531.638521
NDNEJRAPFDZ3R2HG,1468.69327
PCSEDP3UUPFTQFCU,7268.712623
ACCEGH6SPZF3AHH6,4442.617191
NKCEASN6ED2AZSGJ,4485.291099
SCFEFTYSYX8BTZ4P,5105.440294
PACEAYZANXQFKGZ3,2282.423887
RNGEDAKCZHXRBG9G,6511.911056
CAGE4Y4FXXUZS4ZP,7601.834366
WATE7H4UYKQP363Z,11520.19729
CCVEFX5JZHYKHHHF,390.7132756
CRTECN2QSBAQ24DZ,5714.957507
NKCECHX4UCYT4MYX,330.6183448
WATDAZPXK8FSPGB4,10888.51168
BRAEYFDEH7WZVJVG,1950.202585
PACE43HFHCYGHYFK,4033.426063
SRTEGUA8AG9HYTAH,2781.912081
RTRE96W36WAJHRCF,2861.044591
RAQDCNWAHJK9JNUY,774.6768059
BRAE5F3KGVA8WAJH,2778.365732
WATDZ5HGDFYKXHYT,2082.589343
JCKEJNEZZ2RFFJS5,5845.734577
TUNEAUVH8G8ZPGYC,8825.234298
SHOE44ZFTHMTAB6C,3818.493774
BRAEE6YMGMKH7DCZ,7935.898019
WATDGFAQBJJV2TTK,9204.460773
MUGEBFGFYM5T6KNW,2708.810069
SHOEBG6ZS2YREWHD,4820.533146
PCSEAKVBBGJAZTHM,1015.197501
ACCE73VFWU9JYKEF,3127.779235
CRTECUWZDJRHRFNK,2846.865869
NKCEBHGBYC9ZH3ZX,4709.554425
NKCEGMUCHG4CKEGB,5771.448811
NKCDXPZS8AZMWHZB,311.5014852
CRTECN2QZFVWFX3S,5175.934516
RTRDW77Y4D3QTBUG,294.765278
NKCEA4CAWGKJ5SBV,677.2287457
CNSEHF8FGDHAGGGR,6654.406614
ACCDXH5JHWBCNQQ4,3403.321551
TOPE4DS8VQC2KCD8,825.5336705
BRAE7T3WRRVYQQEG,1324.120151
CRTEB774DZGQJXV8,1742.586691
BRAEGJFXWMKWGTG5,6819.8359
TSHEE4WZVGVAMRAP,5577.535822
CGCEEFZSURUGRCUG,2858.914057
NKCE6NHRZA6ZXMTZ,5353.571116
ACCE8XZMDHKTDDTY,6092.295408
TOPE954FVTRCRXUN,5660.512804
TSHE4S257WYDXMMX,6987.402197
WATEHYW2GJW9SZYZ,2420.260453
RTRE2TYN2XUPCEVH,2647.704977
WLKEEXSVZWZHJEZW,11642.72762
BRAECKHYDVMUMAKF,1011.59112
PBXEAT5YDFMUMHGB,731.1153422
SHIEBG6FHNFZ2TFP,3353.056409
SHIED3RY2QZE2EWM,3555.452612
CAPEJZVUAZAEGXZ4,4865.473805
WCKE2TFFFYHKUM68,5596.695073
NKCECJPC5HBBSFKZ,2635.389286
BRAE7NMEGDDHG3EX,1845.675763
ACCDXFPYVJCMFGET,1175.895317
FSEEJVNPNZHCXNNK,1837.836851
CRTECN2QZ4NY4SSZ,4241.503617
NKCDYQ3RYDG2GMZB,5826.150182
SGLEJCHSWBMHVVNG,5248.00745
TOPECCNVM4SN9F9C,6937.685709
NKCE74XGF3PPAZ3Q,462.8331725
WATE5HFYXEJRCTHF,5238.158281
NKCE8V3ZHGGGHHDH,7407.413502
PBXE9CVJ6G5NAQFH,3265.761942
CNDEGVE65UWDPCYC,5435.149328
CRTECN2QV9AZBYNG,2508.981314
NKCDU4RZPGSGYY4Q,4237.326443
NKCE9YFBR7ZAMBNJ,1128.77131
SNDE6W34GVRVHWQQ,10779.7502
CRTECN2QZCGZSGK8,3259.660868
BBAEGFHEYYMKHFZR,3253.098434
WATEAUABHVPGRBAS,603.6801403
CRTECN2QZVUWVHZZ,4546.802199
ACCEGH6TMFNCMYJB,3905.385411
PBXE9WEVHF3ZBQHW,9034.955093
WCKE2TFYWX9QW3YC,4749.514632
BRAEDTNZZRXBHZGZ,2248.223518
BAREGJ8B2Y3TPUWH,8066.934272
SHOEJCKBGJGZQJHN,1940.082957
NKCE9Z2JQGBBSMTM,3504.33489
TKPEHGWYVVXUYCFC,4972.147348
CRTECN2QYGNYMVY8,4308.27606
CAEE9Y64FBPZJUUH,9280.247728
ACCDSY8EMKXZM8EW,8709.055273
CRTECN2QUZBANWHU,6304.037529
SHOEDH9AS48SSFBT,3598.638136
CRTECN2QVV8ZGNWK,4236.447096
NKCDU4RZ9HWVUHGW,9079.93883
SNDEEFTGRRUZSFGJ,4934.739191
NKCE8P4V9ZQCAYZN,3071.781992
NKCE76TNSYX6ZQ9Z,532.5570982
CPLEHB7C7ZJGHEQU,3845.328295
SRTEGWKKQABUMGFA,5608.256765
NKCE38HBTZXEXXUG,5619.025653
SHIE3QDGUEGVZJZ8,5380.757453
NKCDY8S8ZPV4YA9S,4120.885077
SHOECXPHZSFGQEZZ,8613.081812
RNGE88FQ5SDTSFY7,4905.179045
NKCEAP3S6G8ZEGB6,2610.419165
JEAEHUHKEAEUXSRQ,4432.951329
BRAE8WPSG4FMHFXF,1618.210493
RTRE9JEGMXHZ5RHQ,5118.674248
SHIEYSPPPDGTSGFX,5219.46627
SHOECJD5WVAGAJEH,558.1406876
WATEYAP3FEPWZ8MH,6986.791474
DREDRCRHDXQNK4RB,5697.791042
TOPE7ZHZHT3SKKMN,5357.517379
SNDEBBK5Z6KUQZZF,1087.679362
WATE2RX9HHGBUQGA,7683.708342
WATE2HX6JQGRXSEA,2633.935725
NKCEDCT9MZNZ7D8B,410.8114884
SHIE8HXEEX69GA9F,3735.639177
DREDYSNRZGBFFVQ5,5213.20789
NKCEACYSTHNBFPM8,5671.561983
SUDEHYGURKV9EVVS,6500.172447
BRAEDQDFPNUQGUVG,2222.685659
PBXE829GJ3ESYYMQ,2727.48821
LJGE9TGNUKM2UGWC,5663.376439
MUGEBJ7XBXMRUHQC,3434.71769
BRAEB9SJMFKF39ZW,1051.085649
RNGE864HPZG96WNH,3720.341968
BBAEFYZ9HC3R7CSS,5522.277788
CRTECN2QZZHZH8H3,2286.416677
NKCE49ATHBGGPBDM,2699.682144
PBXE5ZJZBKZKFUTT,9607.249944
SNDEGGQ6T4W8ZGKH,13845.11987
NKCEANMPQABUFANV,3118.80016
CLTEHE9FNVRTJUGS,3051.144003
NKCE9PFFJHGX23NG,1338.103581
NKCE6KGHUMC3DZNK,5850.510422
NKCE96SXSGHZ3GZA,148.3436272
BRAEBUHTHHJDHGHE,7297.976204
SNDEGFJQBJWUCSHS,7893.293233
ACCDQDYBPHVQ9EFC,8371.664538
PBXE84AFH8Y5KECY,1792.552492
KHREGSDWQZKZRY3J,5471.158619
PBXECNFSCHBSHZM9,8905.453008
CRTE8389ZZJS6W9E,602.4703118
CRTECN2QZFRKZPZU,3667.803423
TOPE89KYEWKHKRDZ,1260.616814
SHIEBXSH3GADDFBP,2731.780513
CRTECN2QYZ9YX3JR,4102.799493
BDSEJJ7CMKHRWVCZ,8265.32241
BRAE8EHTGUTM8CX2,10575.40814
BRAE3P8YRJ69HFQT,8863.642282
SUDEGGATYHBGUFTF,3479.839526
NKCE9YX36WBZF9HJ,6291.584094
SUIE5GT3DSJCKEJF,1364.264848
RTRDYKU6F2GVR3CR,474.6780489
ACCEGH6TEZ8CAXEH,2199.029082
SRTEGWKHGMNG3WRJ,5290.536194
CRTECN2RCNAMYX2E,7364.61145
ACCEGG9Z4QCZJZFJ,4430.122756
BRAE4S2FYF4RN49J,1884.655574
ACCEAHRFFH3S7HFF,1505.761938
NKCE9JBQGG5PHQFM,4831.961698
CRTECN2QYU4SJADV,3903.574802
NKCECQYZNVJKFMJV,11745.01964
RNGDUZU5VCYXAAEM,3788.193788
SUDEHYGU9BE2XETS,7018.849056
PBXE5YGWHPQGBWG3,4210.929927
ACCEGGAYDMUYE7SK,7372.156073
WATEHVHJHMCGW3VN,581.3116212
MUGECJZ23GD5PE6C,3088.299588
PADEHZFHGHFQJAXV,5630.075254
CRTECN2R7EXGYGFZ,4538.117304
PBXEAJVRRK6MXXKH,2622.06509
PBXE9YWJHHERWPG4,5645.457094
WATDFFH3PGFHHZH8,16720.08503
TOPEGFXU8ZAGFGNZ,1670.631823
SHOE6ZQEB694PVM8,3952.787789
ACCE8VP6PZDUEYGP,3145.381951
WATE2FAGESM5B5VZ,7177.73206
BRAECC9JFBY5YSEY,4197.595023
BRAEYFDGSY9S9ZDW,4230.382253
PELEGPF7C9YZFKDM,3915.675369
ACCE93ZDRDSJD3RG,2683.897091
NKCE9YFB9BZZ8ZFF,12671.54628
JWSDZCHGUTXYUGZD,9507.336299
SHIE7DFNVCR8KUGP,3818.098977
NKCE9PFFXGMFX5PB,9602.412817
CRTECN2RZRH6FTYZ,2133.580495
JWSEJFMHQEMPZPGK,4431.79134
CAGDU9C3ZBMU4CGR,883.6448689
PACE5M34GBFNK4F3,6511.397596
BRAE8WYHXBEEPGDQ,3075.181521
RNGED78RWSSAT7GT,9448.511909
NKCECGT3EZHNNRAT,7125.525039
TMLED7GYYPZ3ZXGW,5454.613473
PELEJUCGUAPQRCZX,8641.013172
BRAE6ZCHHPFNBYNU,1743.213421
SUDEGGATXD4BMC2G,4570.484665
ACCEGG9Z5UB2JZYH,2698.168049
LJGEJQ4NA7BDGQWZ,5143.684147
JCKEJFPDVWBKHPFY,926.8009286
RNGEE8ZHQ4HRM5WY,7436.681232
CRTECN2QTCW9VDKR,2947.76707
RNGE9HE7BKMCZGRV,5272.119189
CRTECN2QYYFYJFTV,2711.520719
BRADM8DWSRMPPNNX,1657.111732
SHIE7VFYJHKGMXUR,3546.842411
TOPE8ZAFC7JSV7QX,4050.371479
VANEGQCWZYFZ3EYJ,7060.165928
TOPEYY5YK3WEGGXX,3941.917258
MNGEJPST4MZDZCHT,2671.510302
PYJEJMHJNXJ6NGKC,9967.883921
PADEHZFHCNQGWNNS,4053.069558
CRTECN2QTWDYRKGW,2802.236391
JWSDSCB7SN9AYB4B,8533.482797
RNGEAM4ZFGWHWMYZ,4404.529914
TOPEBRYGRZFGPMHP,2637.085588
GLSEHEHZAZEJMRVF,6051.681264
ACCDYAGVFPSCPQUY,6108.957379
NKCEAJP6DGFV8AEZ,10335.12558
CAGE7CJVGGHQYZDQ,333.9065962
SNDEBYH3ZR33KSAG,7018.335979
RTRDK7TWJB6RCNP9,4430.270922
RTRE38HF433WXQJD,3505.234704
SNDEDG6HNGZDZXBV,1865.301018
BRAEDT7STGZCKHEB,5491.998882
ACCE6RHG47DESW3Q,860.4696357
CSPEGMVJJDYAYQYG,4699.87807
NKCE2NKZT6GSFFV5,3179.076934
ACCEGG9UN8H6EHGA,2208.205465
WATEBJ37KBB3SEBR,3947.525657
CRTECN2QSGCA6CSF,2770.847126
SNDEHZPDSQZYASGW,4722.182434
CAGEYUXVHFYNCAYD,7192.708535
PCSE69MFRZSMYVRH,2038.906804
SNDEHZPDZMNZGHEQ,3520.90599
MUGEAGGKQMGVUVJT,2324.890199
SHOE3S9BGUAGYE5X,4708.948242
MUGEAGGKHU2G6PT8,3436.84106
SHOEBG79YJZD9C33,2318.20713
GKEE5ZZ34VYKVZEK,6930.880857
ECIEF6JYYJ4PHJ3Q,5957.924239
TROEGNRFM8FCZHHM,2364.294662
SHTEYSPQAB9KAUVG,730.8345546
TWCEJFXH4EU2JZYG,9516.089155
WATE6S3AMDGT5PVG,3235.521372
MTYEJJAQYHCNKYZZ,5463.676569
NKCE845VFGMPFFMT,9255.215404
BRAE3WVQSRGWGHZV,7784.502511
ACCEKFVWTGZXG5XK,5666.549304
BRAEE6YMKFPSHPY3,1622.191662
RNGE7M92FZVK8YWH,6795.101656
BRAEBBMQWZYHZFGE,1402.019156
ACCEGZ66ATHMFPJV,770.8926355
NKCE7UEX7BGCCZUY,4986.714628
CAGE5H7JE9G72SHT,8061.375937
TMLECXEQGAQXQKDG,5058.699521
NKCECZFZY9YTKGTW,6339.994514
SHIECFNXZ7W9GVYZ,4294.806432
MUGEAGGKZEFKTZ8U,4012.328745
SHOEFECFFYBYP9QR,4233.215136
GLSEHB7RQJFVT6GS,1268.235841
NKCEASCZU8K6XDGF,1197.113052
LFHDBF4BY3PS66NG,5026.990603
TOPE8E8NZP256K8G,4669.176994
SNDE8SSKSSARAXHJ,7957.688547
CRTECN2QXHGGKHWV,3795.63441
JEAE9PP49AH6PQCW,4407.208651
PCSE94FSG87ETQY2,2268.774612
NKCEANMPNFSQ2K6X,4758.169446
PCSECV3FTHYGHHHF,1203.473261
GRKEG679TVS7CSPA,4787.724223
TOPE7T5FMBVW9EFY,10536.59452
SHOECXZEHUBBZYJV,5239.117128
CCVEFV4RRNH9FAHH,2601.216072
PCSDYQEVCWZSZH8V,9616.256098
BRAE3TSHUSJJYKM7,1694.991927
PADEHZFHMTEUP8YG,4282.802492
NKCE6UWHWNCNCFQF,3165.62134
MUGE6S9YXRP8MRQC,3863.253632
WATECKYCCMXUQQMS,6016.789694
SHOEJNY2X4CUEGTM,5605.550186
PCSEAKVBCZWH8HDS,9318.083878
NKCDV9SXP4JGZDKK,2285.084758
BDSEJTHNGWVGWWQU,2820.265436
BRAEYPGFGBRMAEZA,6987.063442
NKCE8RB5WMWAWNHJ,3653.415413
BRAECKHZRU4RZKQH,6860.097459
HRCEHF2CDHYWPFVN,5702.552051
WATE8PBFJDAEDYFQ,7316.61885
TOPE8QNKRJHBNWNV,4995.380879
PBXEAJVRSJFJ2APN,3782.930851
SUDEHYGUFAGB4NYH,5421.175923
JEAEGGDJGFGQXEKV,5287.275537
SHTEDCZWPM7F8GAM,4123.763025
WATE3NWHWKVDFSDN,1712.709757
ACCECHF4VZYHA4XZ,4855.65352
PTPDVPEXSANDVSJQ,4190.688178
JEAEGHQYYGDYDBWY,1612.470267
BRAEDSKCYE7BNKZ4,6160.428801
VLBEHHWFMGCMEM4K,923.1177596
TOPEHXA27XJFNSGV,2271.362174
ACCEGH6SEMYHF34Y,4528.712271
RNGE7M922VGFBDGG,4546.350072
CRTECN2QZ4XUY84U,512.0557533
ACBECFGTYJ3E8VHE,5203.320433
NKCE38HBJCPPYWKH,863.2461803
BRAE7SQFKFNVCTB9,7495.42818
TOPDW7AQKZZHFCZF,4363.930934
SHIE9YDH4WHHEXZH,5965.290296
DRPEHYHMEUCSYGKA,4444.150695
RNGEHFDYGPHZ3HGA,3034.32762
SHOEJVGTSYMHYFBX,3827.498473
ACCEJGH5QTFVXQZT,5495.712284
SHTEJT4D7Y9NTWYZ,1491.29175
TOPEHZPAPFNFEHBG,555.2700776
NKCE52CSJEGXP6FR,633.0600987
PELEJUCGBEHUGMZF,11578.27851
BRAEAREZG4Z6ZFK9,4423.528046
TOPEHTU4FN9KEAHJ,5245.838555
PCSE4FKC73GEKW7W,2935.470409
CLTEGMYW2RWRDH5X,5926.215442
ACCEGH6SF89RGZQD,4045.48769
NKCEANMPGJAZ7BHE,4372.587387
CRTEA7HAXMYFVGXX,3164.862593
NKCDU4RZQRXJH4JF,710.5319386
MUGEACY8QGADG5VG,5677.775183
PBXEAXGWYNVUUQVY,3237.066708
CRTECN2QVE4KYGWY,2988.978291
NSTEJHERS3AKXUCW,4395.272502
SHIEC8ASQEPSK7FZ,305.0002671
RTRD8FNG6FUTFZQJ,2659.49787
ACCDXFPFEDJCKQJ3,10998.10368
BALEGFXZGSRGJKJY,3094.472395
TOPEBQGGJ2C7Y7HZ,6040.380364
CAGE6FZSZXFKQHZP,984.8015951
TKPEGFWWV9K7PMMD,8310.504648
RPEEGGDJN5D8HFRM,4283.432024
NKCE6TNZ9YGRGVNF,10900.14428
CRTECN2QSGWBHY9F,7491.364396
ACCEAHRFCDZHX2CG,9394.500603
BRAE75HSN6B5RA9V,7144.243459
TOPE8N3BAE7QWZFY,1095.974211
WSCEFE4RZ8FRPQTD,4276.657243
MUGEGWT5RGJJHSGN,5497.928927
MUGEBJ7XHH5AVZV7,3664.430625
PCSEC86VAFUTHBPX,9245.992257
CRTECN2QUTDWFYGA,2516.973365
NKCE9PFFYZYCKJFB,4861.923881
RNGE864HRQRATXWQ,4361.961679
WATE3GEY74QU9T35,1800.22867
WATE9MVXX3DZ5UKD,4095.757831
MUGEBFGFYWQRWYDN,2674.494303
TOPE9KJEYHXXNBGC,2562.055637
TOPECMKVPCH2ZZTY,4935.760236
SGLEGBV8VGCMH77F,4483.666423
WATDKB7JW7USDVZ6,2677.306047
TLPEHAKFGFC9QPM4,5531.270941
JUMEBKQJUZHCZHHM,2716.153666
JWSEEBEEHKG4ZGRG,8690.310797
CRTECN2QSUHUEZZD,3826.245713
RNGE7M92NZGZSZJQ,4175.065031
TOPE593EQJA4WW4Z,5200.326994
BRAEDGM2YE58PGPV,3615.486776
PBXEANB7QGWSP25F,1256.212914
BRAEE6YMKGHQ4C4K,3345.769324
TOPDYMSXBMBWVAS4,8183.989535
MATEHFNMZVV9HYUV,11421.21438
KRTEFG6MGMW4FQXF,900.6316142
SNDEE34XM8XB6ZEX,960.7160956
TOPE6HZUKGTFPUFP,6336.509942
TOPE954FF9KJSZZN,4237.602371
NKCECGVAZYG6SF5S,410.7179345
PBXE4Q7YBMXJ53ZG,2348.870219
ACCEGXDJMWKWYHPP,4332.408385
PCSE6X3Y2HSTHBDW,6646.299405
SHIEBZB4U7BKYJTU,3597.361915
NKCEAFC847CUEYZX,1295.400462
CAGE9JEFFUQQNQHW,10687.26567
TSHE8Z4HYFUWCVYB,7253.584068
NKCDU4RZURUGSZZ6,3860.843951
SHIEFFFPMFH8SZZM,3914.416623
DIAEJ6Z8BEDTGGYY,4191.463114
RNGEDAK9ZZR8MGY4,6346.17238
SNDEHZQ7BSZZJRDT,4822.586739
NKCEAP3S6TDGRDVY,10516.68745
MUGE8DTSSBPHDZWA,2403.587315
SNDEARQ3EKZNNP4M,12214.44049
ACCEGKTTMBKZT7JR,2061.412988
NKCEAVZ3QEWNHQNR,5996.197231
SHTEJRCHC5KESPYX,3298.934648
BBAEJK8Z5UD97GTP,2944.390628
PCSEDUT3FS8UTKJQ,7537.306539
BRAE3Y4ZZZJHJVHV,8661.458463
PTYEDMT4FRUDXZCP,3340.163542
PCSEAH5WZNWYJE8M,8429.897955
BRAEEG6TFTNVFCRM,2641.747302
PACEFVZZ2R8ZE5ZH,3607.94232
TOPDU2HZGVTAAQJW,4514.876592
BRAEBBMQY4T7DFH6,2444.925367
TSHEHU5RXEVXH3P7,5513.775422
WATECSW5VZSZETGS,4374.282224
SGLEGBV7K2MGEGRB,6945.493292
WATDP5NHENJGYYXF,6885.612861
SUDEHYGUYBE5KGMW,4490.135977
RTRDQZ8Z72FRMKGX,231.8568003
SHIEAVW5MYGJ4BRR,583.1328665
ACCDXH5JXWABF7GH,4031.559292
TOPE8TQDQDHZZY9S,5047.665538
BRAE3TSHXZFRYAZQ,5383.403268
ACCDXFAGYWTHWYGT,1052.40862
SWSEBGYUPTH7GSHE,6900.67394
DREE9QSVADZEKNJS,4915.737401
PBXE5CFUTETHWRZH,2046.472179
SHIED78RWUCDPFRH,5924.882894
NKCE69P8PC5VR7NY,3829.294649
WATEHYHNCANKP5VZ,6686.549851
NKCE7PZPRZFYKW3M,3700.404618
CHUEF7C3NGW54VJJ,4184.129693
NKCE9Q93CUEMGS46,5105.276154
RTRE2V3Y6FWVHDW5,3597.158009
BRAEE4UZZVMJUGE3,1488.213061
SHIE7G263EDTSDU5,4556.280419
BRAE3TSHRTGMZA44,7999.966513
TOPEHWDGQD9NR6QD,2097.119618
NKCEFMZUJEWN3HXY,2294.128514
CBKEHJUH7WPZEEGK,6405.038664
CRTECN2QXZUFSGHZ,5171.516432
SWSEBHCPAKWKRDPR,9328.087579
ACCEAMGZGAQWYYMV,3710.638624
CRTECN2QZGUQPR93,3934.023359
SHOEJBSZ8FS9SNJR,469.462813
BRAE6ZCHV2ZAA9US,3276.018894
SUDEGGB28WWTGFUY,6784.586077
ACCEAHRFFKPGUGGX,4854.182897
BRAEBBMQZDMZAEBV,1030.773358
NKCED6EXXSFZGQP8,318.3958566
SHTECN9HFVZYP2V9,3519.12036
RTREAX3DGDRSSYFT,1329.152871
RNGE65FGK2TMUC2A,9526.841535
ACCEGZ8EWQ7RMZTZ,6940.847174
BRAE4DHZEAPXQVRG,1841.386822
CAGECHKFAMZCKPFT,199.401636
PCSE6SJG9SMAGGHY,3865.848152
SNDE25SG2HRJF9JH,1193.938952
NKCEAVZ3FCDEUZHG,5297.465454
ACCEG7AG8EUZRRZY,6335.427371
SHOECH3WZHFCVZWU,3880.183248
TOPEAKYKZKRHPMHX,3778.829621
NDNEJRAZNQBZQWQK,12781.94687
MUGEBFGFDQYJG5TW,5537.705626
BBAE9K7BXFUTDNBK,3933.811012
RTRDYPA4PJHCJCGF,9276.131841
TUNE8FWQBS7TVVT7,6308.894991
NKCEGMUABCRGUZPE,3607.727864
RNGE7M92KAQWUBCS,1020.696878
